"session_id","response_id","prolific_id","ip","education","gender","age","country","f01","f02","f03","f04","f05","f06","f07","f08","f09","f10","f11","f12","f13","f14","f15","p01","p02","p03","p04","p05","p06","p07","p08","p09","p10","p11","p12","p13","p14","p15","p16","p17","p18","p19","p20","p21","p22","p23","p24","p25","p26","fw","de","du","trb","psi","witchcraft","superstition","spiritualism","elf","precognition","rpbs","n_hit","n_fa","n_miss","n_cr","acc_43","sum","dprime","beta","aprime","bppd","c"
1518,192,"5df76aff2d2185502504d15c","94.62.234.202","Master Degree","Female","38","Portugal",6,4,7,7,5,7,7,6,7,6,1,7,7,2,7,4,1,5,1,4,1,1,1,4,4,1,4,1,1,4,4,5,1,2,5,4,1,5,5,4,5,33,18,35,10,14,19,3,14,7,11,78,21,3,9,27,"80%",60,1.71716578508716,1.83227287845097,0.880952380952381,0.4,0.352649238377767
1520,183,"5e7d0465ac2c2737d3a6bd9c","195.162.115.162","Bachelors Degree","Female","22","UK",5,6,7,7,4,3,6,4,6,7,4,5,6,4,6,7,1,7,1,3,5,1,7,1,6,1,6,7,1,7,1,1,1,1,4,5,7,1,5,1,1,31,22,27,28,4,19,3,11,16,8,89,28,17,2,13,"68%",60,1.23831568848929,0.379898292807707,0.809752747252747,-0.595667870036101,-0.781587216885931
1521,184,"5f1abcf92171f82034b6093a","89.65.11.57","high-school","female","21","Poland",5,4,6,6,6,5,2,3,5,3,1,7,5,3,7,4,1,1,1,2,2,2,1,1,2,1,2,2,1,2,1,1,1,4,7,1,2,2,2,1,1,21,17,30,9,5,6,3,9,11,5,48,29,4,1,26,"92%",60,2.71811183904042,0.44047752717011,0.955901856763926,-0.56390977443609,-0.30164169103383
1522,187,"5f1d54fa5eec2220763e0831","94.42.191.59","bachelor's degree","male","26","Poland",3,3,5,5,3,3,5,3,5,6,4,6,4,4,7,4,1,1,1,5,1,5,4,1,1,1,5,1,1,4,1,1,1,4,5,1,4,5,1,1,3,23,17,26,16,8,4,3,15,7,10,63,22,4,8,26,"80%",60,1.65759300447623,1.46075751013819,0.877622377622378,0.257142857142857,0.228617726248268
1523,185,"5dc0077fd819104566394afa","80.103.116.249","Studying a degree","Male","18","Spain",3,3,6,5,3,3,5,3,6,3,3,6,5,5,6,4,3,3,2,5,3,2,4,3,3,2,3,1,3,3,2,2,2,4,5,5,4,5,4,4,3,21,17,27,15,13,12,6,16,9,13,84,29,0,1,30,"98%",60,3.80189573152606,2.49279960883685,0.991666666666667,1,0.240250255208988
1524,186,"5f1068a369fc9e1951644f63","83.29.225.9","high school diploma","female","20","Poland",6,2,1,6,2,1,6,1,1,7,2,3,3,1,1,1,1,1,1,1,4,1,1,1,1,1,1,1,1,1,1,1,1,1,6,6,1,2,1,1,1,28,8,7,4,5,4,3,4,11,9,40,23,4,7,26,"82%",60,1.75750444109395,1.36888874055489,0.889214046822743,0.215094339622641,0.178662007939407
1525,188,"5dd956bd3269928d1466b921","94.63.156.66","completing my masters degree","male","22","Portugal",6,3,4,5,3,4,6,3,6,5,5,4,6,3,2,5,4,1,2,3,5,1,3,4,1,1,3,4,1,5,1,1,1,4,7,5,4,1,1,4,2,28,17,20,17,10,4,4,14,16,9,74,29,1,1,29,"97%",60,3.32139522110808,1,0.982758620689655,-1.07672491612354e-16,0
1526,189,"5c6bdd82e85e1e0001d4e220","80.181.56.136","university student","F","36","Italy",6,2,3,6,5,3,2,3,5,5,2,5,3,3,5,4,1,2,1,1,1,1,1,1,2,1,4,1,1,4,1,1,1,4,5,2,1,6,1,2,5,22,15,21,10,9,6,3,11,7,9,55,27,8,3,22,"82%",60,1.81141090691119,0.574971757999416,0.891835016835017,-0.369649805447471,-0.30552667746575
1527,190,"5ee00d770fc66934e2600d81","83.54.127.113","High School","Male","20","Spain",6,5,6,6,5,6,5,5,7,7,3,3,6,6,6,4,1,1,2,1,1,2,4,1,1,1,1,1,1,4,1,1,1,1,7,1,4,4,1,4,1,30,24,28,16,7,4,4,7,9,5,52,29,5,1,25,"90%",60,2.58594217040819,0.386385567288154,0.946896551724138,-0.623376623376623,-0.367726525349945
1528,191,"5f632ea32e85353d93872c67","80.98.231.221","highschool degree","male","21","Hungary",3,3,6,2,6,7,1,4,6,2,6,7,1,6,7,6,4,7,6,4,4,1,3,4,7,6,6,5,1,1,4,7,1,5,7,6,1,6,7,6,6,9,25,33,11,18,28,13,21,16,14,121,22,1,8,29,"85%",60,2.26087638654389,3.31630428349653,0.919670846394984,0.717073170731708,0.530259417282098
1529,194,"5e6562347c61012cf9b0d5c2","79.65.207.155","Degree","Male","38","UK",5,5,4,4,5,4,5,4,4,5,3,4,5,4,4,4,5,3,3,3,4,3,4,5,4,5,5,5,4,4,4,4,3,3,3,3,3,4,3,4,3,24,21,20,15,18,14,11,15,12,13,98,28,2,2,28,"93%",60,2.80149012226115,1,0.964285714285714,-1.11517937741366e-16,1.11022302462516e-16
1530,418,"5f0809545b9786000861c866","81.161.193.110","High School","Nonbinary","20","Poland",7,7,7,7,7,7,7,7,7,7,7,7,7,7,7,7,7,7,7,7,7,7,7,7,7,7,7,7,7,7,7,7,7,7,7,7,7,1,7,7,7,35,35,35,28,22,28,21,28,21,28,176,20,17,10,13,"55%",60,0.253557847548389,0.929293152279865,0.595192307692308,-0.0498812351543943,-0.28920829641548
1532,195,"5ba4f08afe7a2a000181aa95","93.176.139.100","bachelor's degree","Female","25","Spain",6,7,6,3,7,5,5,5,6,3,1,4,3,3,5,5,1,1,1,1,1,2,4,1,5,1,1,1,1,1,1,2,1,6,4,1,1,1,5,1,1,20,23,26,11,4,13,3,9,6,5,51,26,7,4,23,"82%",60,1.75750444109395,0.730519559679222,0.889214046822743,-0.215094339622642,-0.178662007939407
1533,199,"5c59ceb27e554c0001257ff4","176.63.18.253","BA","female","28","Hungary",5,2,4,6,2,6,5,2,6,5,4,6,5,2,6,4,4,5,1,5,1,1,1,5,5,1,5,1,1,1,4,4,1,4,6,5,2,5,5,4,5,26,12,28,8,18,19,3,18,8,12,86,28,5,2,25,"88%",60,2.32598962098473,0.575218899774409,0.935357142857143,-0.38121546961326,-0.237750250638212
1534,196,"5e81c7b87412d48be61aaaab","93.34.232.6","master's degree","female","26","italy",5,4,6,4,5,4,3,5,6,3,4,6,5,4,6,4,3,5,1,3,1,1,5,2,3,1,5,1,1,7,3,1,1,1,5,4,6,3,3,2,5,20,22,28,22,11,12,3,11,7,11,77,27,8,3,22,"82%",60,1.81141090691119,0.574971757999416,0.891835016835017,-0.369649805447471,-0.30552667746575
1535,200,"5ee69051cbcb070694442b70","79.32.7.146","Bachelor's Degree","Male","25","Italy",6,3,1,5,2,1,5,1,1,5,3,3,2,2,3,1,1,1,1,1,1,1,1,1,1,1,1,1,1,1,1,1,1,1,7,1,1,7,1,1,1,23,11,9,4,10,4,3,4,9,4,38,29,2,1,28,"95%",60,3.06144267168462,0.671719179324059,0.973830049261084,-0.31764705882353,-0.129976274711733
1536,198,"5ec11bc32098320117b00b57","81.155.139.64","College","Female","30","Scotland",5,6,7,5,6,7,5,3,7,4,1,7,2,1,7,4,4,4,4,4,4,4,4,4,4,4,5,4,4,4,4,4,4,4,4,4,4,4,4,4,4,21,17,35,16,16,16,12,17,12,16,105,23,17,7,13,"60%",60,0.537660839966281,0.793048021569875,0.680602006688963,-0.157068062827225,-0.431259792624426
1537,197,"5eaf0da7fec73d5fae04f202","193.164.134.10","High School","Female","23","Poland",5,6,6,5,5,3,4,5,6,3,4,4,5,6,6,4,4,5,1,6,2,5,4,5,6,1,5,4,2,1,4,4,1,5,7,5,2,6,6,5,5,22,26,25,11,19,21,3,21,13,17,105,26,7,4,23,"82%",60,1.75750444109395,0.730519559679222,0.889214046822743,-0.215094339622642,-0.178662007939407
1539,201,"5e83476d81f739028be530fc","84.0.68.204","Bsc Student","Male","22","Hungary",7,4,4,7,2,3,5,1,3,7,2,2,6,2,5,2,1,1,1,1,1,1,1,1,1,1,1,1,1,1,1,1,1,1,4,1,1,2,1,1,1,32,11,17,5,5,4,3,4,6,4,31,26,2,4,28,"90%",60,2.45815928961696,1.52497945500099,0.945054945054945,0.3,0.171665416322098
1540,202,"5f7ee064ed86011cdcf62570","102.182.209.70","University Degree","Male","27","South Africa",7,3,6,7,2,2,7,2,5,7,3,3,6,5,5,7,1,1,1,1,1,1,6,1,1,1,1,1,1,7,1,1,1,1,5,1,6,7,1,1,1,34,15,21,26,10,4,3,4,7,4,58,30,2,0,28,"97%",60,3.5419431821026,0.269463769547639,0.983333333333333,-1,-0.370226529920721
1542,215,"5f833cbefb3ac80bfbc4906d","82.36.16.184","University","Male","19","UK",6,2,2,3,3,4,2,2,6,5,2,6,5,2,5,4,1,2,1,1,3,1,4,1,1,1,1,5,1,4,1,1,1,4,7,6,4,1,2,3,3,21,11,23,16,4,6,3,9,15,11,64,27,6,7,25,"80%",65,1.62214948594877,1.03203059895893,0.875244570946658,0.0231783882443407,0.0194361352310123
1543,217,"5d8794b64a462d001a65469d","94.60.117.88","Masters","Male","24","Portugal",5,3,4,4,3,4,5,3,4,5,5,5,4,3,5,4,1,1,1,1,1,1,2,1,1,1,1,1,1,4,1,1,1,4,7,4,2,3,1,1,2,23,17,22,12,6,4,3,7,9,8,49,17,2,13,28,"75%",60,1.56317443377186,2.6322834793737,0.854516806722689,0.595667870036101,0.619157844244645
1544,207,"5c95ea131f681e00108ce757","86.26.29.225","A level","female","29","UK",5,7,7,4,4,5,4,3,3,6,2,4,3,4,6,4,3,2,1,3,1,4,1,3,3,1,2,2,5,6,2,2,2,4,3,4,4,5,4,4,4,22,20,25,15,13,11,4,13,6,17,79,30,0,0,30,"100%",60,4.28239624194404,1,1,-1.07672491612354e-16,0
1545,229,"5f4e76eff69af505fa21da55","83.26.201.74","Student","Male","22","Poland",6,6,6,4,5,5,3,3,5,3,2,6,3,4,7,3,5,2,1,1,4,5,2,5,1,1,5,1,1,2,5,1,1,1,6,6,1,4,2,1,1,19,20,29,8,19,6,3,8,11,13,68,29,1,1,29,"97%",60,3.32139522110808,1,0.982758620689655,-1,0
1546,214,"5f6db0c1e6ec2a2317c18590","188.251.50.15","Student","Male","18","Portugal",6,3,5,6,2,6,6,3,4,6,5,5,6,1,5,2,1,1,1,1,1,1,1,1,1,1,1,1,1,2,1,1,1,1,4,1,1,6,1,1,1,30,14,25,6,9,4,3,4,6,4,36,30,1,0,29,"98%",60,3.80189573152606,0.40115539029092,0.991666666666667,-0.0249847653869591,-0.240250255208988
1547,287,"5c3dbae66d874c0001bda6d8","147.78.30.50","Studying ","Female","34","Denmark",5,4,3,1,5,4,3,3,5,4,7,4,5,3,6,7,1,2,1,2,1,2,4,1,4,1,4,1,2,7,1,1,1,4,4,3,7,2,1,1,1,18,22,22,25,5,8,3,11,6,8,66,21,9,8,21,"71%",59,1.07890120266128,0.964484541147486,0.797906403940887,1,-0.0335169471648258
1548,208,"5a4513a435c9d50001fdbf96","176.207.198.146","Master's degree","Female","28","Italy",5,4,4,2,1,1,2,2,4,3,3,6,4,1,6,4,3,2,1,4,1,1,4,3,1,1,4,1,1,4,3,1,1,4,6,1,2,5,1,2,1,16,11,21,14,14,5,3,14,8,4,62,27,0,3,30,"95%",60,3.35243025189336,4.75322368860652,0.975,0.517241379310345,0.464982995025337
1549,203,"5e82393e3c757f94be4685e1","93.34.149.123","high school diploma","male","23","Italy",4,5,3,3,3,2,2,3,5,3,6,6,3,3,6,2,2,2,2,4,4,2,5,3,5,2,5,5,2,2,2,2,2,4,6,2,5,3,4,2,2,15,20,22,14,10,13,6,15,15,8,81,22,2,8,28,"83%",60,2.00092383712042,2.22762519169915,0.905844155844156,-1,0.400283142570366
1550,204,"5f37f4ee7815e507bce7caba","161.230.89.132","Student, on the way to master degree","Male","23","Portugal",4,6,3,5,5,5,4,4,6,3,4,6,5,4,5,2,1,1,1,1,1,1,1,1,1,1,1,1,1,1,1,1,1,1,7,1,1,1,1,1,1,21,23,25,5,4,4,3,4,9,4,33,30,2,0,28,"97%",60,3.5419431821026,0.269463769547639,0.983333333333333,0.38121546961326,-0.370226529920721
1551,206,"5ee6701fece2070abf7e8cdc","93.108.196.58","first year of university","male","18","portugal",4,3,6,5,5,4,3,3,2,4,2,5,6,2,6,5,1,1,1,4,1,5,1,6,1,1,1,1,4,2,1,2,1,2,7,5,1,7,1,1,3,22,15,23,9,15,5,3,8,9,17,66,25,2,5,28,"88%",60,2.32598962098473,1.73846860802415,0.935357142857143,0.0356164383561644,0.237750250638212
1552,210,"5dee3987770a434ca44342c9","83.26.234.106","Graduated","Female","33","Poland",6,5,6,6,6,5,6,6,6,6,4,7,6,6,7,7,6,6,1,7,4,5,1,6,6,2,7,4,4,4,6,6,1,7,6,4,1,7,6,7,6,30,27,31,13,25,24,4,28,14,19,127,21,8,9,22,"72%",60,1.10611243015566,1.0535051580576,0.802489177489177,0.0157164353786994,0.0471225609120168
1553,222,"5f1ad8b60c7d020008109114","151.81.12.81","Master Degree","Female","26","Italy",4,3,5,3,2,5,6,3,6,5,2,7,6,3,6,6,1,2,1,1,4,1,6,1,4,1,2,4,1,1,1,2,1,5,7,5,4,1,5,4,4,24,13,29,17,4,13,3,12,15,11,75,30,0,0,30,"100%",60,4.28239624194404,1,1,1,0
1554,237,"5f3108bd8d9874582916bcc0","80.50.134.198","High School","Male","22","Poland",3,6,1,1,5,2,7,5,2,4,7,2,5,5,2,1,1,1,1,4,1,2,1,1,1,1,1,3,1,1,3,1,1,1,7,6,1,7,1,1,2,20,28,9,4,12,4,3,7,11,11,52,27,2,2,28,"93%",59,2.78373918823121,1.02501473217775,0.963625859028158,-0.0800000000000001,0.00887546701496922
1555,211,"5f67ebfb31d13c440655c71a","94.63.23.232","high-school","male","22","Portugal",4,4,6,5,5,4,1,4,6,7,2,6,5,4,6,2,1,1,1,1,1,1,1,1,1,1,1,1,1,1,1,1,1,1,4,1,1,7,1,1,1,22,19,28,5,10,4,3,4,6,4,36,19,0,11,30,"82%",60,2.47048946795014,9.37595375951092,0.908333333333333,1,0.905953386996948
1556,218,"5f1da6fa112d026edb1525f8","85.221.133.203","Full work","Male","43","Poland",1,2,1,2,2,1,1,2,2,3,1,2,1,2,1,1,2,1,1,2,1,1,2,2,3,5,3,3,2,2,1,2,2,3,2,3,3,6,3,2,2,8,9,7,8,11,9,8,10,6,8,60,23,21,7,9,"53%",60,0.194156558441755,0.889515166273813,0.577294685990338,-0.0638297872340425,-0.603011933386689
1557,205,"5e7dc99733285d457b04ddbd","118.110.141.97","High School ","Male","20","Japan",6,3,6,4,4,5,6,4,6,6,3,6,4,5,6,5,4,4,3,5,4,2,5,4,4,3,5,4,2,7,5,4,1,5,7,2,4,4,4,4,5,26,19,29,21,17,16,7,19,15,11,106,30,0,0,30,"100%",60,4.28239624194404,1,1,-1,0
1558,216,"5f29f7fb1320c300095c97fa","79.184.238.119","Student","Male","18","Poland",5,4,5,4,4,3,5,3,4,5,3,4,5,4,5,5,5,2,3,4,2,5,4,3,2,3,5,4,1,6,4,2,3,4,7,5,6,5,1,5,4,24,18,21,21,17,7,9,18,13,15,100,29,0,1,30,"98%",60,3.80189573152606,2.49279960883685,0.991666666666667,0.595667870036101,0.240250255208988
1559,209,"5f4a3709f7b4a70392cbcd36","2.81.117.104","College undergratuate degree ","Male","22","Portugal",3,1,1,1,1,2,5,1,2,6,7,6,5,3,7,2,1,1,1,1,1,1,1,1,1,1,1,1,1,1,1,1,1,1,7,1,1,1,1,1,1,20,13,18,5,4,4,3,4,9,4,33,22,10,8,20,"70%",60,1.01616599617952,0.910660974167045,0.786363636363636,-0.454545454545455,-0.0920957779000853
1560,213,"5f734c37b6925a0380400d3e","87.196.220.198","2nd year college student","male","19","Portugal",5,4,6,5,4,4,6,3,7,3,1,5,3,3,6,5,2,2,1,4,1,3,4,2,3,4,4,2,3,5,2,1,1,6,6,1,4,3,5,6,7,22,15,28,18,9,11,6,20,9,14,87,30,2,0,28,"97%",60,3.5419431821026,0.269463769547639,0.983333333333333,-0.454545454545455,-0.370226529920721
1561,212,"5c9fd4fb4690550016548379","151.40.225.139","Graduate Degree","Male","24","Italy",4,2,1,5,2,1,3,1,1,3,2,2,4,1,1,1,1,1,1,1,1,1,1,1,1,1,1,1,1,1,1,1,1,1,4,1,1,7,1,1,1,19,8,6,4,10,4,3,4,6,4,35,17,2,13,28,"75%",60,1.56317443377186,2.6322834793737,0.854516806722689,-0.145888594164456,0.619157844244645
1562,232,"5f33d7445fa903220876f695","84.0.203.145","Master's Degree","Female","29 years","Hungary",3,1,5,3,2,7,1,1,6,2,2,7,5,1,7,4,2,2,1,2,1,2,1,2,6,1,3,2,1,1,2,1,1,4,7,5,1,2,5,3,5,14,7,32,7,8,14,3,12,10,13,67,27,12,3,18,"75%",60,1.45623835395867,0.494836629242001,0.847222222222222,-0.3,-0.483112953942012
1563,220,"5f494c1216ed9212c846a1d0","213.141.8.250","student","male","28","Portugal",6,6,1,5,2,5,3,3,6,3,1,7,5,1,1,4,5,4,1,1,4,1,4,5,1,1,4,4,1,6,2,1,1,1,7,2,4,7,1,1,1,22,13,20,18,19,7,3,7,15,5,74,27,18,3,12,"65%",60,0.966225907884024,0.494836629242001,0.770833333333333,-1.07672491612354e-16,-0.728119176979333
1564,221,"5f8a283232f9880d4c5b4ccc","89.151.47.243","high school degree","male","20","Poland",6,5,6,6,6,6,3,5,4,4,6,6,3,4,6,4,3,3,3,4,4,3,5,3,5,3,4,2,1,6,1,1,2,4,6,3,5,4,5,4,3,22,26,28,20,11,14,8,16,12,10,91,23,18,7,12,"58%",60,0.455083989570246,0.806501817196497,0.658514492753623,0.4,-0.472548217822444
1565,234,"5f139a15a02cfb3bbce73c0c","185.32.231.241","University Studies","Male","19","Greece",7,7,7,4,7,6,7,1,7,7,1,7,7,1,7,7,1,7,1,7,4,1,7,1,7,1,7,1,1,7,1,1,1,1,7,1,7,7,7,7,1,32,17,34,28,10,22,3,22,12,4,101,28,4,2,26,"90%",60,2.45815928961696,0.655746539220983,0.945054945054945,0.18413597733711,-0.171665416322098
1566,219,"568d0641b5a2c2000cb657d0","158.109.31.4","Bachelors","Male","26","India",5,1,5,5,5,3,6,1,5,6,1,6,5,6,7,2,1,1,1,1,1,1,1,1,1,1,1,1,1,2,1,1,1,1,5,1,1,7,1,1,1,27,14,26,6,10,4,3,4,7,4,38,29,1,1,29,"97%",60,3.32139522110808,1,0.982758620689655,0.0502512562814071,0
1567,224,"5d6d240df110fe001aa97005","62.253.153.34","Bachelors Degree","Female","26","England",4,4,1,5,3,2,3,3,3,5,3,2,3,4,3,1,1,1,1,1,1,1,1,1,1,1,1,1,1,1,1,1,1,1,7,1,1,4,1,1,1,20,17,11,4,7,4,3,4,9,4,35,21,3,9,27,"80%",60,1.71716578508716,1.83227287845097,0.880952380952381,-1,0.352649238377767
1568,225,"5db6ec97d9b41d000b2464eb","92.5.5.114","phd student","female","34","united kingdom",4,3,6,3,3,5,4,2,6,4,5,6,6,3,6,7,2,1,1,4,1,1,7,3,1,1,1,1,1,7,1,1,1,1,5,1,7,4,1,1,1,21,16,29,28,10,4,3,7,7,4,63,11,6,19,24,"58%",60,0.478249695141954,1.31238339778836,0.665719696969697,0.0356164383561644,0.568416194549099
1569,267,"5d76dd06714f6e0019c1e1c4","85.48.187.55","masterÂ´s degree","male","30","Spain",6,6,5,6,5,4,3,4,5,6,4,7,2,3,5,3,3,2,4,2,3,4,4,5,3,2,2,1,2,3,3,2,3,4,2,2,3,5,1,2,3,23,22,26,13,16,8,9,10,6,11,73,19,9,11,21,"67%",60,0.835225001143934,1.07655705363189,0.75062656641604,0.0780487804878049,0.0883211535938448
1570,223,"5eb82b922d730506b782de24","79.185.105.86","student","male","18","Poland",5,6,1,5,1,1,2,5,3,6,7,3,6,6,3,1,1,1,1,1,1,1,1,1,1,1,1,1,1,1,1,1,1,1,7,1,1,4,1,1,1,24,25,11,4,7,4,3,4,9,4,35,30,4,0,26,"93%",60,3.1986123494584,0.176699934326305,0.966666666666667,-1,-0.541891946242819
1571,454,"5ebff737aa6b8f042a132ec3","89.78.159.138","Master Degree","Male","26","Poland",5,2,6,6,5,6,6,6,5,6,7,3,6,6,5,2,1,1,1,1,1,1,1,1,1,1,1,1,1,1,1,1,1,1,6,1,1,1,1,1,1,29,26,25,5,4,4,3,4,8,4,32,21,8,9,22,"72%",60,1.10611243015566,1.0535051580576,0.802489177489177,1,0.0471225609120168
1573,228,"5c7cf1adc8c9920015d0bc60","85.67.246.30","MSc","male","25","Hungary",2,1,3,2,2,3,2,2,4,2,3,4,2,2,4,1,1,1,1,1,1,1,1,1,1,1,1,1,1,1,1,1,1,1,7,5,1,1,1,1,1,10,10,18,4,4,4,3,4,9,8,36,17,9,13,21,"63%",60,0.668363026807098,1.12164098778404,0.712885154061625,-1.20096240644548e-16,0.171752140762263
1574,345,"5d78e48415b10d00163c814e","5.173.161.185","employed","Male","20","Poland",4,5,5,5,3,5,7,5,6,3,6,5,6,4,6,6,4,6,3,5,4,6,3,6,6,3,5,6,5,1,4,5,1,7,5,6,5,5,7,5,6,25,23,27,15,19,24,7,22,15,23,125,30,1,0,29,"98%",60,3.80189573152606,0.40115539029092,0.991666666666667,-0.694736842105263,-0.240250255208988
1575,235,"5ed80ec219fa7f3026f62b2e","91.171.174.184","master student","f","25","France",5,3,4,7,2,4,5,4,5,3,3,5,5,3,6,5,2,5,1,5,4,4,4,2,5,1,5,4,3,4,2,4,1,6,7,4,3,4,5,4,5,25,15,24,16,10,19,3,20,15,16,99,27,0,1,30,"98%",58,3.76955952768892,2.62894930137214,0.991071428571429,1,0.256418357127556
1576,230,"5b45e1d682519b0001f265da","83.142.158.29","studing medicine 5/6 years to become an MD, i guess we can say I've completed high scool","male","24","Poland",6,2,6,6,2,5,6,2,7,6,1,6,7,1,7,7,1,1,1,1,1,1,7,1,1,1,1,1,1,7,1,1,1,1,4,1,7,6,1,1,4,31,8,31,28,9,4,3,4,6,7,61,26,4,4,26,"87%",60,2.11482845697276,1,0.923076923076923,-1.11517937741366e-16,0
1577,226,"5f048acf5d91976f93752b48","149.90.6.134","MSc Student","Male","21","Portugal",3,3,1,5,3,2,3,1,1,5,2,4,4,3,4,1,1,1,1,1,1,1,1,1,1,1,1,1,1,1,1,1,1,1,5,1,1,7,1,1,1,20,12,12,4,10,4,3,4,7,4,36,29,7,1,23,"87%",60,2.36078782316161,0.321777449196901,0.928785607196402,-0.472727272727273,-0.480303698973237
1578,240,"5b0c1c5e30d5620001554b1e","94.241.112.87","Bachelor degree","Male","25","Czechia",6,3,6,6,5,4,5,3,6,5,3,6,5,4,6,5,1,2,2,5,1,2,2,1,1,2,5,1,1,4,1,1,2,5,6,1,3,1,2,2,1,27,18,28,14,4,6,6,17,8,5,60,22,0,8,30,"87%",60,2.74137689696186,8.26688202068412,0.933333333333333,-0.28,0.770509672491086
1579,238,"5b3b6b07cf5e6a0001835e98","188.80.36.91","Bachelors","Male","37","Portugal",4,3,4,3,3,2,2,2,5,2,3,5,3,2,5,4,2,4,1,4,2,2,4,3,5,1,3,4,1,6,3,4,2,2,5,4,3,5,5,4,5,14,13,21,17,13,18,4,13,11,12,88,28,2,2,28,"93%",60,2.80149012226115,1,0.964285714285714,-0.10803324099723,1.11022302462516e-16
1580,227,"5e45f54e6093fd0df4973c47","189.237.220.59","Finished high school","Male","24","Mexico",7,2,4,6,2,5,5,1,5,6,3,2,5,2,2,1,1,1,1,1,1,1,1,1,1,1,1,1,1,1,1,1,1,1,6,1,1,1,1,1,1,29,10,18,4,4,4,3,4,8,4,31,29,3,1,27,"93%",60,2.87192974147539,0.524443992571209,0.964878671775224,1,-0.224732739816348
1581,233,"5e9c2df688fafe14836ca339","93.88.120.54","Univerity","Male","19","Italy",2,1,2,2,2,4,4,1,3,4,1,4,2,1,6,2,1,1,3,1,1,1,2,1,1,1,1,2,1,4,1,1,1,2,4,1,2,4,1,3,2,14,6,19,10,7,4,5,7,7,5,45,27,6,3,24,"85%",60,2.01877317304142,0.66532451150089,0.913194444444444,0.124324324324324,-0.201845544400634
1582,231,"5f0af202ec6afa02e8db0daf","83.4.188.37","Student","Female","20","Poland",5,6,4,5,4,1,6,6,4,3,4,3,5,5,5,4,2,4,1,5,4,5,2,1,3,4,4,4,3,1,1,4,1,6,7,1,1,1,4,4,2,24,25,17,8,5,15,6,19,15,11,79,23,10,7,20,"72%",60,1.11607743279724,0.853388427133316,0.803804347826087,0.28,-0.142051496208946
1583,264,"5f4bf91db81eab0ec69fff84","93.38.51.101","Associate Degree","Female","36","Italy",5,4,4,5,3,3,4,3,4,5,3,4,3,3,4,2,2,2,1,1,1,2,4,2,1,1,1,1,1,4,2,2,1,3,4,3,4,3,1,2,5,22,16,19,14,9,6,3,7,6,11,56,27,0,3,30,"95%",60,3.35243025189336,4.75322368860652,0.975,0.125874125874126,0.464982995025337
1584,239,"5bc70d15069008000139f1c0","79.129.190.49","Vocational Degree","Female","31","Greece",3,2,2,3,2,6,5,2,7,3,4,6,4,1,6,4,4,4,1,4,4,1,4,4,4,1,4,4,1,3,4,4,1,4,7,5,4,4,4,4,4,18,11,27,15,16,16,3,16,15,11,92,26,3,4,27,"88%",60,2.26864635940773,1.19062599161539,0.934116809116809,-0.217391304347826,0.076908951217482
1585,236,"5a958d78f05361000171c54c","51.174.223.186","MA degree","male","28","Norway",3,1,1,1,1,2,4,2,2,1,1,7,1,4,7,2,1,1,1,1,1,1,1,1,2,1,1,1,1,1,1,1,1,1,7,1,1,1,5,1,1,10,9,19,5,4,9,3,4,9,4,38,24,3,6,27,"85%",60,2.01877317304142,1.50302594104661,0.913194444444444,0.00674157303370785,0.201845544400634
1588,262,"5f42e037b2f15d1424da5187","88.196.158.83","High school","Female","27","Estonia",3,5,6,3,3,2,2,2,5,5,3,6,1,2,3,1,1,3,1,5,4,3,1,1,3,2,4,2,3,2,1,2,1,4,5,5,2,6,4,4,5,14,15,22,6,9,12,4,17,11,16,75,23,5,7,25,"80%",60,1.62533477246172,1.20078510241318,0.875652173913043,1,0.112577173623292
1589,259,"5f0f22f8be48af08286d1ac2","46.189.253.205","Science Computer Bachelor degree","Male","33","Portugal",5,3,4,6,3,5,5,4,2,3,1,5,5,4,6,4,2,1,1,3,1,2,1,4,1,1,3,1,1,5,1,4,1,3,6,5,3,4,4,5,4,24,15,22,13,11,10,3,14,8,12,71,24,14,6,16,"67%",60,0.888488332601372,0.724129499820354,0.760416666666667,1,-0.36329687581939
1590,248,"5788e1834a84da00014c4199","90.197.93.82","Bachelors ","Female","34","UK",5,1,1,5,1,2,1,2,1,1,1,2,5,1,1,1,1,2,1,2,2,1,1,1,4,1,1,1,1,1,1,1,1,4,7,1,1,6,4,1,5,17,6,7,4,9,11,3,8,10,8,53,16,13,14,17,"55%",60,0.243376663122582,1.00996473927031,0.590992647058823,1,0.0407410410799949
1591,249,"5efefe8bb977b0028f371069","83.26.199.200","highschool degree","famale","19","Poland",5,3,5,6,2,3,5,3,6,6,3,4,7,4,4,7,1,5,1,6,3,3,6,3,6,1,7,2,2,7,1,4,1,5,5,5,7,4,5,4,5,29,15,22,27,9,20,3,22,10,15,106,29,0,1,30,"98%",60,3.80189573152606,2.49279960883685,0.991666666666667,-0.302798489396727,0.240250255208988
1592,242,"5f5e33a37fa7566accb4e6ac","82.46.156.68","Post Graduate","Female","35","United Kingdom",5,4,3,6,5,2,3,3,2,3,3,4,4,2,3,2,1,2,2,1,1,1,2,1,2,1,1,1,1,4,1,1,1,2,4,1,4,7,1,1,2,21,17,14,12,10,6,4,5,6,5,48,27,0,3,30,"95%",60,3.35243025189336,4.75322368860652,0.975,-1,0.464982995025337
1593,241,"5f3f0208bb9faa1dbc9bb60a","185.238.206.216","High School","Male ","18","Poland",1,4,7,2,1,7,2,2,6,2,1,7,5,2,6,1,1,1,1,1,1,1,1,1,1,1,1,1,1,4,1,1,1,1,1,1,1,7,1,1,1,12,10,33,7,10,4,3,4,3,4,35,30,0,1,29,"98%",60,3.80398495695843,2.36292741915703,0.991935483870968,1,0.22605275570577
1594,247,"5c3211cd24d16c00015b1095","80.89.73.69","Highschool","Male","24","Latvia",5,4,3,5,4,6,6,4,5,3,5,5,6,4,5,5,4,4,3,6,4,3,3,3,3,2,5,4,2,2,5,4,3,4,5,4,4,4,3,3,5,25,21,24,14,16,14,8,18,13,14,97,27,9,4,21,"79%",61,1.58344922120609,0.636013514026588,0.867805939580133,-1,-0.285790956437234
1595,245,"5e830dc330296100098b0373","146.90.182.226","PhD","female","28","UK",7,7,1,4,7,1,7,7,1,7,2,2,6,1,1,1,1,1,1,1,1,1,1,1,1,1,1,1,1,1,1,1,1,1,4,1,1,1,1,1,1,31,24,6,4,4,4,3,4,6,4,29,30,2,0,28,"97%",60,3.5419431821026,0.269463769547639,0.983333333333333,1,-0.370226529920721
1596,246,"5f11c9f84078cd0888177499","94.132.100.249","college","male","20","Portugal",3,2,5,5,2,5,3,3,6,4,3,5,3,3,4,5,2,3,1,6,1,1,3,1,2,1,6,1,1,6,1,1,1,5,6,1,2,5,1,1,2,18,13,25,16,9,7,3,18,8,5,66,27,0,3,30,"95%",60,3.35243025189336,4.75322368860652,0.975,1,0.464982995025337
1598,265,"5eb6f85c1c54b4067b4ba65d","37.30.17.224","Student","Female","20","Poland",5,2,6,5,2,5,5,2,6,6,6,6,4,4,6,6,3,2,2,4,2,2,5,4,2,2,4,2,2,6,3,2,2,1,7,2,5,4,4,3,3,25,16,29,22,14,10,6,12,11,9,84,29,1,0,28,"98%",58,3.77289886113646,0.401914245680751,0.991379310344828,-0.472727272727273,-0.241595803616756
1599,253,"5f708631500db165bf081e04","88.15.109.31","2nd year of university","Female","22","Spain",5,2,3,3,2,2,5,2,3,5,3,5,3,3,7,4,3,3,1,5,2,3,3,2,5,1,5,2,2,3,2,3,1,1,5,5,3,4,4,4,5,21,12,20,13,11,15,3,15,9,15,81,28,0,2,30,"97%",60,3.54194318210259,3.71107404041273,0.983333333333333,-0.182481751824818,0.370226529920721
1600,252,"5ea0ab674e66b409a8bf6b2f","82.49.101.183","Student- Bachelor Degree","Female","25","Italy",4,3,2,5,5,3,3,3,2,3,2,3,3,2,5,4,1,1,1,1,1,1,1,1,1,1,1,1,1,2,1,1,1,2,4,1,1,1,1,1,1,18,15,15,8,4,4,3,5,6,4,34,30,0,0,30,"100%",60,4.28239624194404,1,1,1,0
1601,275,"5f5b51aed56e3126fa342fd0","31.41.209.236","none","Male","20","Poland",5,2,3,4,3,3,3,2,2,3,5,6,5,3,5,2,1,1,1,1,4,2,1,1,2,1,1,1,1,1,1,1,1,4,6,1,1,7,1,1,3,20,15,19,5,10,5,3,7,11,7,48,21,0,9,30,"85%",60,2.64713177513783,8.70920284984439,0.925,-1.07672491612354e-16,0.817632233403103
1602,244,"5f7728d67080aa1f45a8b4fd","77.252.47.110","Student","Male","18","Poland",6,3,2,6,1,2,5,5,2,4,3,1,4,2,2,1,1,1,1,1,4,1,1,1,1,1,1,1,1,1,1,1,1,1,4,1,1,1,1,1,1,25,14,9,4,4,4,3,4,9,4,32,29,3,1,27,"93%",60,2.87192974147539,0.524443992571209,0.964878671775224,-0.454545454545455,-0.224732739816348
1603,280,"5f5a57804775590e9423af55","188.80.30.91","College Degree","Male","30","Portugal",6,5,7,6,6,7,5,3,6,6,4,7,5,2,7,4,4,4,1,4,2,1,5,5,5,1,4,1,2,7,4,4,1,4,6,5,5,4,6,4,6,28,20,34,21,17,19,3,16,9,14,99,28,3,2,27,"92%",60,2.61197719205192,0.780748873508346,0.954695767195767,-1.07672491612354e-16,-0.0947564651046157
1604,255,"5f0f9a64d5d9560008936388","201.137.50.3","Ongoing College","Male","26","Mexico",3,5,1,1,6,1,2,4,1,2,6,1,1,5,1,1,1,1,1,1,1,1,1,1,1,1,1,1,1,2,1,1,1,1,6,5,1,1,1,1,1,9,26,5,5,4,4,3,4,8,8,36,28,0,1,30,"98%",59,3.78605174792349,2.55893964004781,0.991379310344828,-1,0.248172247010273
1605,258,"5f1eba6ba65ce801eaaeb562","95.49.35.51","High School","Male","18","Poland",5,4,7,6,4,5,4,4,6,5,3,5,4,4,6,6,2,2,3,4,4,1,5,5,2,5,3,1,1,5,4,2,3,5,7,5,5,5,3,2,5,24,19,29,21,16,9,11,14,12,12,95,29,1,1,29,"97%",60,3.32139522110808,1,0.982758620689655,0.0157164353786994,0
1606,378,"5f74ad8958736b09660df2d9","188.194.244.165","Master degree","female","27","Germany",6,2,2,6,7,7,5,2,7,6,1,7,7,2,7,1,1,1,1,5,1,1,1,1,1,1,3,3,1,5,1,1,1,5,7,5,1,3,1,1,6,30,14,30,8,6,4,3,14,11,13,59,27,18,3,12,"65%",60,0.966225907884024,0.494836629242001,0.770833333333333,1,-0.728119176979333
1607,257,"5ebaf261b69880094c6363ac","37.189.255.17","Bachelor's Degree","Male","22","Portugal",6,6,1,2,6,1,2,5,2,2,7,4,2,6,4,4,4,4,1,4,4,1,4,4,4,1,4,4,1,4,4,4,1,4,4,6,4,4,4,4,4,14,30,12,16,16,16,3,16,12,12,91,29,1,1,29,"97%",60,3.32139522110808,1,0.982758620689655,-0.322720106558703,0
1608,251,"586c3a8a6e2f8d00015c5c1b","83.240.209.162","Master degree","male","26","Portugal",6,5,5,6,6,5,6,5,6,5,6,6,6,5,6,2,2,2,2,2,2,2,2,2,3,3,2,2,2,2,2,2,2,2,2,2,2,6,2,2,2,29,27,28,8,12,9,7,8,6,8,58,30,2,0,28,"97%",60,3.5419431821026,0.269463769547639,0.983333333333333,-0.217391304347826,-0.370226529920721
1609,254,"5f856ac4c09df000088e21a4","197.94.23.126","High School Diploma","Male","19","South Africa",6,3,1,4,2,3,2,3,2,5,5,4,4,3,5,2,1,1,1,2,1,1,1,1,1,1,1,1,1,2,1,1,1,1,7,1,1,3,1,1,1,21,16,15,6,6,4,3,5,9,4,37,27,2,2,28,"93%",59,2.78373918823121,1.02501473217775,0.963625859028158,0.122194513715711,0.00887546701496922
1610,266,"5e5e94a6a57943000de6b8a2","46.177.38.84","student in mathematic university deparment ","male","19","greece",5,2,4,2,3,3,3,2,6,2,5,3,4,5,3,4,1,1,1,4,1,1,1,1,1,1,1,1,1,1,1,1,1,1,4,1,2,1,1,1,1,16,17,19,8,4,4,3,7,6,4,36,27,0,3,30,"95%",60,3.35243025189336,4.75322368860652,0.975,-1,0.464982995025337
1612,256,"5f75b5d059b8cb24aa22cc6f","82.31.171.221","A Levels","Male","18","UK",3,3,3,5,3,3,5,3,3,5,5,3,5,5,3,4,3,3,4,4,1,1,2,2,1,2,2,1,1,4,1,1,5,1,7,1,2,3,1,1,1,23,19,15,12,9,6,11,8,9,4,59,25,11,4,19,"75%",59,1.36572473647191,0.617003433765899,0.83922020568663,-0.122194513715711,-0.353571021257834
1613,250,"5e95f0222ba0220532d5d682","86.87.42.141","High school","Male","22","The Netherlands",4,6,3,2,7,2,2,6,3,2,6,3,2,7,4,2,1,1,1,1,1,1,2,1,2,1,1,2,1,3,1,1,1,5,7,1,2,2,4,2,2,12,32,15,9,5,8,3,9,10,5,49,24,16,6,14,"63%",60,0.72659375163878,0.724129499820354,0.726190476190476,-1,-0.444244166300686
1614,384,"5f10d58e8d72f0173efab894","185.183.224.254","Highschool","male","25","Poland",3,5,4,5,5,5,5,4,3,6,4,3,3,4,4,4,3,1,3,4,3,4,4,3,4,5,3,3,2,3,3,4,5,4,6,5,5,4,5,4,4,22,22,19,16,13,14,13,15,12,15,98,15,8,15,22,"62%",60,0.600178775989845,1.19734580937518,0.696212121212121,-1,0.300089387994923
1615,263,"5e96cf12434ee214a74ff0b8","46.204.17.159","highschool","male","18","Poland",7,5,5,2,3,6,5,1,4,2,1,7,5,1,7,5,1,1,1,3,1,1,4,1,1,1,1,1,1,4,1,1,1,4,6,5,4,3,1,2,1,21,11,29,17,6,4,3,10,8,8,56,30,4,0,26,"93%",60,3.1986123494584,0.176699934326305,0.966666666666667,-0.756302521008403,-0.541891946242819
1616,269,"5cafd04c49ff8d00162e1333","79.131.146.248","Msc","female","24","greece",6,5,7,6,6,5,7,6,6,6,6,6,6,6,7,6,1,1,1,4,1,1,3,1,1,1,1,1,1,7,1,1,1,1,4,1,1,7,1,1,1,31,29,31,17,10,4,3,7,6,4,51,22,15,8,15,"62%",60,0.600178775989845,0.835180607114528,0.696212121212121,-0.601423487544484,-0.300089387994923
1618,261,"5c5df283b40f380001108751","46.107.89.115","Graduated with a Bachelor's degree","Female","25","Hungary",2,3,4,2,3,5,3,3,5,2,5,5,3,3,5,3,1,2,1,2,2,1,1,1,2,2,3,1,1,4,1,3,1,5,6,2,1,2,5,5,2,12,17,24,9,5,12,4,15,9,6,60,30,3,0,27,"95%",60,3.35243025189336,0.210383534525632,0.975,-0.161290322580645,-0.464982995025337
1619,260,"5c4f65bf2090bd0001c43421","85.138.164.36","bachelor","male","19","Portugal",6,7,6,5,6,5,4,5,5,6,3,4,6,5,4,4,1,1,1,2,1,1,1,1,1,1,6,1,1,4,1,1,1,4,7,6,4,3,1,1,1,27,26,24,13,6,4,3,13,9,9,57,30,1,0,29,"98%",60,3.80189573152606,0.40115539029092,0.991666666666667,1,-0.240250255208988
1620,268,"5bf03a5d11439b000168d545","80.95.86.32","College","Male","29","Hungary",5,4,7,3,5,2,3,3,5,3,1,6,2,4,6,6,5,7,4,5,4,2,6,5,6,5,4,6,5,3,4,6,5,5,7,3,2,5,6,6,5,16,17,26,17,19,25,14,20,17,15,127,29,11,1,19,"80%",60,1.98998895753216,0.265871576671138,0.892014519056261,-1.11517937741366e-16,-0.66570313178796
1621,274,"5ec3241b63dd40000cba7af3","85.244.1.3","High School","Female","23","Portugal",5,3,2,4,3,3,3,4,5,5,5,4,3,4,5,4,3,3,1,4,4,3,4,4,5,3,4,4,4,1,4,4,1,4,5,4,4,4,4,4,4,20,19,19,13,15,16,5,16,13,15,93,28,15,2,15,"72%",60,1.40074506113058,0.374919717296555,0.832738095238095,-1,-0.700372530565288
1622,291,"5c6fdfccc66879000152d418","93.35.13.99","High School Diploma","Male","35","Italy",6,3,4,5,2,1,5,1,2,4,2,4,6,6,6,4,2,4,1,4,4,1,6,4,4,1,2,4,1,2,1,1,1,4,6,1,1,1,4,2,2,26,14,17,13,8,13,3,12,14,5,68,26,6,4,24,"83%",60,1.86495527060646,0.792152656251775,0.900641025641026,-0.423487544483986,-0.124936593183152
1623,294,"5ebef78c912dc217378a1e34","89.161.49.171","High school","Female","21","Poland",5,4,5,6,3,2,3,6,4,3,5,4,5,3,4,6,4,3,4,5,3,4,4,2,5,3,4,5,3,5,4,3,5,4,4,3,3,4,5,3,4,22,21,19,18,14,16,12,16,12,14,102,16,0,14,29,"76%",59,2.20899252466628,9.59279242521628,0.883333333333333,1,1.02354897185184
1625,273,"5f4b5e6d030fef723ba00807","78.88.225.167","High School Graduate","Female","22","Poland",5,4,6,5,4,5,5,4,4,5,3,5,5,3,6,5,5,5,5,5,4,4,4,5,4,5,4,1,3,5,4,3,4,4,5,4,4,5,5,5,5,25,18,26,18,19,17,14,18,10,16,112,28,2,2,28,"93%",60,2.80149012226115,1,0.964285714285714,-0.0666666666666666,1.11022302462516e-16
1626,344,"5ec4e27a306f253d7e5e5565","176.46.103.93","Upper secondary education","Male","20","Estonia",7,4,4,5,6,5,6,3,7,7,4,5,6,4,7,4,4,3,1,1,4,3,4,3,1,1,1,1,1,1,1,1,1,1,7,1,1,4,1,1,1,31,21,28,10,12,6,3,4,12,6,53,30,4,0,26,"93%",60,3.1986123494584,0.176699934326305,0.966666666666667,-0.124324324324324,-0.541891946242819
1627,276,"5adb312cdee8590001b00f11","94.60.13.13","masters degree","male","25","Portugal",5,5,3,5,6,3,3,4,5,3,5,6,5,3,6,5,2,1,1,2,1,1,2,2,1,1,2,1,1,5,2,1,1,2,6,5,2,5,1,2,3,21,23,23,14,11,4,3,8,8,10,58,27,10,3,20,"78%",60,1.62721935111102,0.523604341258287,0.869907407407407,0.257142857142857,-0.397622455365835
1628,296,"596634e005f2df00017281ae","109.196.85.139","Bachelor","male","31","Poland",2,2,1,4,3,1,3,2,1,5,1,1,5,1,1,1,1,1,1,1,1,1,1,1,1,1,1,1,1,2,1,1,1,1,4,1,1,2,1,1,1,19,9,5,5,5,4,3,4,6,4,31,29,0,1,30,"98%",60,3.80189573152606,2.49279960883685,0.991666666666667,0.290102389078498,0.240250255208988
1629,306,"5eef3de3fb4e031bf546d887","77.242.87.132","high school","Female","22","Czech republic",3,6,7,5,2,4,6,5,7,3,2,3,5,1,6,7,5,2,2,6,1,5,1,5,5,2,6,1,4,2,5,4,6,7,6,4,1,5,3,6,4,22,16,27,11,20,14,10,25,8,17,105,21,18,9,12,"55%",60,0.260927431128491,0.906675735024215,0.598214285714286,-1.5419764230905e-16,-0.375469938601566
1630,288,"5c2d05dbda51990001e40e73","79.49.93.181","High School","Male","21","Italy",3,7,1,3,5,2,3,3,1,3,5,2,2,4,2,4,1,1,1,1,1,1,1,2,1,1,1,1,1,2,2,1,1,1,6,1,1,5,1,1,1,14,24,8,8,10,4,3,4,8,4,41,27,4,3,26,"88%",60,2.26864635940773,0.839894313615008,0.934116809116809,-0.472727272727273,-0.076908951217482
1631,283,"5ced8649c0e3b400019c3291","82.131.61.156","high school graduate","female","30","estonia",6,3,6,6,2,6,5,3,6,5,2,7,6,3,7,6,5,6,2,6,4,5,1,5,7,4,6,4,5,2,5,6,2,6,4,6,1,6,7,6,6,28,13,32,10,21,26,8,24,12,22,123,22,4,8,26,"80%",60,1.65759300447623,1.46075751013819,0.877622377622378,-0.56390977443609,0.228617726248268
1632,282,"5eebda724962653ba9d8e404","2.47.208.73","college","female","31","italy",3,4,1,3,5,2,3,3,3,5,1,5,3,3,5,2,5,1,1,2,4,2,1,5,1,1,3,4,2,2,5,1,1,3,5,1,1,4,1,1,1,17,16,16,6,19,4,3,9,13,6,60,21,4,9,26,"78%",60,1.56334788265219,1.53891557160197,0.865842490842491,0.0431469832550722,0.275740287160285
1633,299,"5e19ccc66a9fa42543d7d0c3","80.98.172.180","High school","male","19","Hungary",7,6,4,5,5,4,4,3,4,5,6,4,4,2,5,5,2,3,2,2,1,1,6,2,2,1,3,1,1,5,1,1,1,5,7,2,5,3,2,2,3,25,22,21,21,8,8,4,12,9,7,69,27,3,3,27,"90%",60,2.42246426184269,1,0.944444444444444,0.0570993833586931,0
1635,272,"5ecd140ebd14f60292e6e618","82.17.193.46","IB Diploma","Female","19","United Kingdom",6,3,4,5,3,2,4,2,6,4,2,6,5,1,5,3,1,5,1,5,1,5,2,2,6,1,5,2,5,4,1,5,1,5,7,6,3,7,5,4,5,24,11,23,12,11,21,3,19,10,21,97,29,3,1,27,"93%",60,2.87192974147539,0.524443992571209,0.964878671775224,0.0368663594470046,-0.224732739816348
1636,279,"5ec3db4a32c4220a8fd7abc2","188.37.33.110","Bachelor's in Graphic Design","Male","22","Portugal",7,4,5,7,4,3,7,3,4,7,6,3,7,5,5,4,1,1,1,4,4,1,1,1,1,1,4,4,1,1,1,1,1,1,5,1,1,7,1,4,1,35,22,20,7,10,4,3,13,13,4,54,29,4,1,26,"92%",60,2.71811183904042,0.44047752717011,0.955901856763926,-0.0445103857566766,-0.30164169103383
1637,270,"5f82cafe05d2663f07a71d88","81.226.127.220","general education","female","22","sweden",1,1,1,3,2,6,1,1,1,2,6,6,6,2,2,2,1,1,1,1,2,2,2,1,2,1,1,1,1,1,1,1,1,1,7,1,2,6,2,1,1,13,12,16,7,9,6,3,4,10,5,44,23,6,7,23,"78%",59,1.48359058799734,1.06382751330607,0.858983008495752,0.215094339622641,0.0417050813911036
1638,289,"5be20189095d4c00013d6550","217.136.11.183","Bachelor degree ","Male","21","Belgium",5,1,1,4,1,1,3,2,1,7,3,2,7,1,2,1,1,1,1,1,1,1,1,1,1,1,1,1,1,1,1,1,1,1,7,1,1,7,1,1,1,26,8,7,4,10,4,3,4,9,4,38,18,9,11,21,"66%",59,0.80267149242571,1.08758295211784,0.7436986863711,-0.0346420323325635,0.104597907952957
1639,310,"5dac6c101c1da300147b5d92","94.254.164.75","Degree","male","18","Poland",5,5,5,3,6,4,6,3,6,5,6,6,3,6,6,3,5,6,4,5,3,5,3,3,5,6,5,5,5,5,4,5,2,4,5,4,5,3,6,5,6,22,26,27,16,15,22,12,19,13,20,117,15,19,15,11,"43%",60,-0.329291346978122,1.05571302909044,0.380701754385965,0.331707517571141,-0.164645673489061
1640,416,"5f721d3fe8d1de103a5d834c","85.73.36.158","University student","Male","18","Greece",2,5,4,6,6,2,5,6,5,2,7,4,5,2,6,4,1,1,1,2,4,1,1,1,1,1,2,1,1,1,1,1,1,1,7,7,1,7,2,1,1,20,26,21,7,10,5,3,6,12,10,53,23,8,7,22,"75%",60,1.30026898859741,0.937108815839929,0.833498023715415,-0.335463258785943,-0.0499557183088606
1641,281,"5e89a745c35eb063a58c96ea","85.246.229.52","Masters","Female","30","Portugal",3,3,6,3,5,3,3,3,5,5,2,6,4,3,6,4,2,4,1,2,1,2,2,2,5,1,4,2,2,2,2,2,2,4,5,2,1,5,3,2,3,18,16,26,9,11,14,4,12,8,9,67,23,4,7,26,"82%",60,1.75750444109395,1.36888874055489,0.889214046822743,-1,0.178662007939407
1642,284,"5d31787d8b15230019348a5c","109.124.181.111","Bachelor's degree","F","26","Sweden",3,2,1,2,1,2,2,1,1,6,4,6,3,1,3,4,1,3,1,1,1,1,1,1,6,1,1,1,1,4,1,1,1,1,6,4,4,4,2,2,3,16,9,13,13,7,12,3,5,8,9,57,19,16,11,14,"55%",60,0.248344056496826,0.950335533413021,0.593045112781955,-0.161290322580645,-0.205119318729709
1643,271,"5f91882e5d1edd094e7eaef1","89.230.75.101","student","male","23","Poland",5,6,2,6,7,2,5,3,6,5,7,3,5,7,2,1,1,1,1,1,1,1,1,1,1,1,1,1,1,2,1,1,2,2,7,5,2,2,1,1,2,26,30,15,6,5,4,4,5,9,9,42,29,2,1,27,"95%",59,3.04369173765468,0.655326365794688,0.973213473084658,-0.595667870036101,-0.138851741726701
1645,362,"5f3f899cafc46228c32bc659","37.225.6.165","finished studied","Female","40","Poland",5,3,6,3,3,2,5,3,5,6,7,4,6,3,5,6,1,1,1,1,1,1,7,1,1,1,1,1,1,7,1,1,1,1,7,1,7,4,1,4,4,25,19,22,27,7,4,3,7,9,7,64,26,11,4,19,"75%",60,1.3867055754645,0.603598504512263,0.841599190283401,-0.161290322580645,-0.364061440754129
1646,286,"5c025fa41a20110001e9587a","93.108.242.233","Masters","Male","28","Portugal",6,6,2,2,3,3,6,2,4,6,2,6,6,2,6,4,4,4,4,4,4,4,4,4,4,4,4,4,4,1,4,4,1,4,4,4,4,4,4,4,4,26,15,21,13,16,16,9,16,12,16,98,30,1,0,29,"98%",60,3.80189573152606,0.40115539029092,0.991666666666667,-0.694736842105263,-0.240250255208988
1647,292,"5f6ce3aa36f6181177e93f0f","85.48.111.214","Student","Female","20","Spain",5,6,7,3,5,1,7,3,7,6,2,7,3,1,7,2,1,6,1,4,1,3,7,4,7,1,5,1,3,7,4,1,1,1,2,6,7,6,3,6,6,24,17,29,23,15,17,3,16,4,18,96,26,6,4,24,"83%",60,1.86495527060646,0.792152656251775,0.900641025641026,0.162790697674419,-0.124936593183152
1648,327,"5e9c1959074db212c24d0f7a","94.61.122.167","6th year medical student - Master's Degree.","Male","24","Portugal",5,2,2,5,2,2,5,2,2,5,2,5,5,2,5,2,2,2,2,2,2,2,2,2,2,2,2,2,2,2,2,2,2,2,6,2,2,2,2,2,2,25,10,16,8,8,8,6,8,10,8,56,30,0,0,30,"100%",60,4.28239624194404,1,1,-0.201423241245602,0
1649,358,"5f5286c9fe322954c5256681","89.64.31.97","Student ","male","19","Poland ",5,5,7,2,4,4,5,4,5,3,5,5,4,4,6,7,7,6,1,6,1,1,7,4,5,1,4,4,1,7,1,4,1,1,4,4,7,4,4,7,4,19,22,27,28,16,19,3,18,9,10,103,28,13,2,17,"75%",60,1.56317443377186,0.379898292807707,0.854516806722689,-0.00358922535456666,-0.619157844244645
1650,386,"5ba785da1db9be000152c608","85.73.127.206","University Student","Female","20","Greece",5,6,7,3,6,2,5,4,5,4,1,4,2,2,7,4,1,6,1,5,3,1,6,1,1,2,5,2,1,6,1,4,2,4,7,6,3,5,1,5,5,19,19,25,19,8,12,5,19,12,13,88,26,6,4,24,"83%",60,1.86495527060646,0.792152656251775,0.900641025641026,-1.11517937741366e-16,-0.124936593183152
1651,332,"5d9a40d81abbe700154a04a0","176.92.186.97","bachelor degree","female","24","Greece",6,5,6,6,5,6,6,6,6,6,3,6,5,4,6,2,2,2,2,2,2,2,2,2,2,2,2,2,2,2,2,2,2,2,4,2,2,2,2,2,2,29,23,30,8,8,8,6,8,8,8,54,29,7,1,23,"87%",60,2.36078782316161,0.321777449196901,0.928785607196402,-0.756302521008403,-0.480303698973237
1653,313,"5dfc941c76c03b997ad7ee96","147.32.68.10","PhD","male","34","CZECH",4,5,4,6,3,4,5,3,4,4,3,3,5,5,6,5,2,4,1,5,3,1,2,2,3,2,2,2,3,6,2,3,2,1,4,3,2,6,3,3,3,24,19,21,15,12,13,5,11,9,10,75,20,24,10,6,"43%",60,-0.391553821930402,1.27066271051541,0.358333333333333,-0.330578512396694,-0.611764131154876
1654,300,"5f635a1d2cba5f000b9afc85","195.57.147.142","student","male","19","spain",5,5,6,2,3,4,4,5,6,2,1,7,5,4,5,4,1,5,5,3,1,2,5,1,3,3,3,1,6,4,1,1,2,6,7,6,4,4,3,2,6,18,18,28,17,7,12,10,14,9,20,89,25,7,4,23,"81%",59,1.73652360210136,0.746743196654283,0.887355822088955,-0.623376623376623,-0.168171588443111
1655,354,"5eba904a7aced21f0cd61d35","109.197.70.243","high-school","non-binary","19","Poland",4,5,7,7,7,6,1,3,7,4,2,7,7,3,7,7,4,1,1,6,1,4,7,3,4,1,6,1,1,7,3,4,1,4,5,4,7,4,4,6,5,23,20,34,28,14,13,3,22,7,14,101,13,13,17,16,"49%",59,-0.0367680257862117,0.994717736974292,0.485074374577417,1.5419764230905e-16,0.14404535974818
1656,278,"5dfd14b6ac9e16a152ff0794","77.227.159.152","Community College equivalent","Male","21","Spain",3,1,1,3,2,1,1,1,4,2,3,2,1,4,3,2,1,1,1,2,1,1,4,1,2,1,2,2,1,1,1,1,1,4,6,1,4,3,3,2,1,10,11,11,11,6,7,3,10,9,4,50,28,2,2,28,"93%",60,2.80149012226115,1,0.964285714285714,-0.203821656050955,1.11022302462516e-16
1657,396,"5f841954d8c7ab01ab1321e5","193.136.33.109","Student","Male","20","Portugal",7,6,2,3,6,2,5,6,2,3,5,3,2,5,3,1,1,1,1,1,3,1,1,1,1,1,1,1,1,1,1,1,1,1,5,1,1,2,1,1,1,20,28,12,4,5,4,3,4,9,4,33,29,11,1,19,"80%",60,1.98998895753216,0.265871576671138,0.892014519056261,0.201423241245602,-0.66570313178796
1658,295,"5f5631677f3535010e654ece","213.161.15.175","Bachelor's degree","female","30","Slovenia",7,5,6,6,3,2,6,1,6,6,5,6,6,3,6,7,2,2,1,5,2,5,1,3,2,1,5,2,5,1,2,1,1,7,7,5,1,6,2,5,6,31,17,26,10,13,7,3,22,11,21,87,23,3,7,27,"83%",60,1.91132234352891,1.62983451413431,0.902576489533011,1,0.255570959156889
1659,277,"5d5a7d896c04b2001a1edff8","217.216.147.61","High school","Female","23","Spain",3,4,7,2,6,3,5,3,6,2,2,5,3,2,4,1,1,1,1,2,1,1,1,1,1,1,1,1,1,1,1,1,1,4,5,1,1,6,1,4,5,15,17,25,4,9,4,3,11,7,8,46,29,5,1,25,"90%",60,2.58594217040819,0.386385567288154,0.946896551724138,0.45992863342656,-0.367726525349945
1660,285,"5797564b70c76a0001245734","109.146.130.78","Completed high school","Male","32","UK",5,1,2,3,2,2,6,1,7,6,2,2,3,1,4,1,1,1,1,1,1,1,1,1,1,1,1,1,1,1,1,1,1,1,4,4,1,5,1,1,1,23,7,17,4,8,4,3,4,6,7,36,27,3,3,27,"90%",60,2.42246426184269,1,0.944444444444444,-1.11517937741366e-16,0
1663,340,"5a9844231eda4100013653a9","212.131.157.98","Medical Doctor","Male","29","Italy",6,6,5,4,5,6,3,5,4,4,4,6,6,5,5,4,4,3,1,3,1,1,3,2,4,1,1,4,1,4,2,1,1,1,4,1,1,5,1,1,1,23,25,26,12,13,9,3,6,9,4,56,25,9,5,21,"77%",60,1.43117821401996,0.74077798307639,0.85047619047619,0.297297297297297,-0.20965545284417
1664,353,"5f7ef0e907753f1dbf7b4861","85.31.130.124","Master","Male","36","Spain",5,1,4,2,1,1,2,1,7,2,2,1,5,1,7,4,5,5,1,6,4,1,2,6,2,1,6,3,1,4,6,2,1,5,7,2,4,6,2,4,6,16,6,20,14,23,11,3,21,14,10,96,23,4,7,25,"81%",59,1.73652360210136,1.33914845756936,0.887355822088956,0.770750988142293,0.168171588443111
1666,304,"5e3a0b84586bd3231116eb45","88.71.223.90","Bachelors degree","Female","23","Germany",6,2,7,5,3,6,5,4,6,6,4,6,5,4,6,6,1,2,1,2,4,1,1,1,2,2,1,1,1,7,1,1,4,4,4,1,4,1,2,4,3,27,17,31,18,4,7,7,11,9,6,62,26,0,2,30,"97%",58,3.50568686914235,3.90184658607014,0.982142857142857,-0.213592233009709,0.388354686400845
1667,293,"5f2db58127168b0d20c50378","84.33.160.249","Computer Science Degree","Male","20","Italy",2,1,1,2,4,1,2,2,1,2,1,1,4,1,1,1,1,1,1,1,1,1,1,1,1,1,1,1,1,1,1,1,1,1,6,1,1,3,1,1,1,12,9,5,4,6,4,3,4,8,4,33,27,1,3,28,"93%",59,2.85608575787282,1.85749738454859,0.96452859879584,-0.483870967741936,0.216810748015064
1668,290,"5b191bb7506a840001ae2645","90.191.54.168","High School","male","21","Estonia",4,4,5,3,4,3,2,4,5,3,6,5,4,5,3,2,1,1,1,4,1,1,1,7,1,1,4,2,1,2,1,1,1,2,7,1,1,7,1,2,2,16,23,21,6,16,4,3,12,10,5,56,28,2,2,28,"93%",60,2.80149012226115,1,0.964285714285714,-1,1.11022302462516e-16
1669,301,"5c4b8e6f3b58fc00012769f0","187.190.147.83","Partial College","Male","25","Mexico",5,2,1,5,5,2,3,2,1,6,3,2,5,4,7,1,1,1,1,3,1,1,1,1,3,1,1,1,1,1,1,1,1,1,4,5,1,5,2,1,2,24,16,13,4,8,7,3,6,6,9,43,24,2,4,26,"89%",56,2.37898749395443,1.51635726038749,0.940705128205128,0.549527489765467,0.174995001193114
1671,309,"5f5e57da1874636e2d2798df","80.6.3.223","Undergraduate student","female","20","United Kingdom",3,5,3,3,5,4,4,5,4,3,3,4,3,3,3,4,2,2,2,2,2,2,2,2,2,2,2,2,2,2,2,2,2,2,7,2,2,6,2,2,2,16,21,18,10,12,8,6,8,11,8,63,16,1,14,29,"75%",60,1.74164490103534,3.95777518308534,0.863685344827586,-0.121608469627555,0.789875160036373
1672,297,"5f784393b1c1383c43376c66","95.93.230.217","Masters","Female","23","Portugal",3,3,5,2,2,2,3,3,5,5,3,5,2,2,7,4,1,1,1,1,1,1,2,1,1,1,1,1,1,5,1,1,1,2,5,4,1,1,1,1,1,15,13,24,12,4,4,3,5,7,7,42,27,5,3,25,"87%",60,2.1364766907755,0.736752775818459,0.923703703703704,-0.0666666666666666,-0.142993785533597
1673,318,"5ed3aa178f8d7e348fba4c5b","93.45.52.218","College Degree","Male","40","Italy",6,2,1,5,7,1,4,5,1,3,6,2,2,3,2,1,1,1,1,2,1,1,1,2,5,1,1,1,1,3,1,1,2,3,6,5,2,5,2,1,2,20,23,7,7,9,9,4,7,8,9,53,28,7,2,23,"85%",60,2.10083527373814,0.479035673092886,0.915760869565217,-0.31764705882353,-0.350327424261505
1674,302,"5ba10f9e4288c600013e8191","95.239.219.246","Master's degree","Male","35","Italy",3,3,2,2,3,2,3,2,3,3,2,6,2,2,4,4,1,1,1,2,2,1,2,1,2,1,2,2,1,2,1,1,1,3,5,1,2,5,2,1,1,13,12,17,10,8,6,3,8,9,4,48,29,1,0,29,"98%",59,3.78874284473903,0.412578007284058,0.991666666666667,0.664739884393064,-0.233673811815471
1675,305,"5f784b42cc76dc0255bb1675","193.136.56.49","Taking college degree","male","19","Portugal",3,4,4,2,5,5,3,5,6,4,4,6,4,4,4,1,1,1,1,4,1,1,1,1,1,1,1,1,1,1,1,1,1,4,4,6,4,4,1,4,1,16,22,25,7,7,4,3,13,6,9,49,20,2,9,28,"81%",59,1.87778548962002,2.38037866491699,0.892705254515599,1,0.461852316320567
1676,314,"5f5a23d8e08f35071b2e709d","213.155.191.238","High School","Male","20","Poland",5,4,5,2,2,4,2,5,5,2,5,5,2,2,6,5,1,1,1,4,1,3,7,1,1,1,5,1,3,1,1,1,1,4,4,1,1,7,4,4,1,13,18,25,14,10,7,3,17,6,8,65,22,15,8,14,"61%",59,0.558389478173392,0.835910182501541,0.685572473503508,0.566785072804175,-0.32098403690315
1677,350,"5dd7c8d5ce1ce676b9991e49","89.228.233.180","BA degree","Male","24","Poland",3,4,4,5,3,4,2,4,6,5,6,4,5,5,6,4,1,1,1,4,4,4,4,1,1,1,4,4,1,5,1,1,1,4,4,2,4,2,4,1,4,20,22,24,17,5,7,3,13,12,11,68,21,12,9,18,"65%",60,0.750939877203133,0.906675735024215,0.732142857142857,-0.169435215946844,-0.130463715564246
1678,312,"5f1049971158f02ac6751ea4","90.91.168.41","Master","Female","29","France",7,5,7,6,4,4,3,5,2,6,5,6,6,3,6,4,5,6,2,3,4,3,5,5,5,6,3,1,3,7,3,3,5,6,7,5,4,2,5,6,6,28,22,25,20,15,19,13,18,12,17,114,29,2,1,28,"95%",60,3.06144267168462,0.671719179324059,0.973830049261084,1,-0.129976274711733
1679,322,"5e99db89975cb4052ee331c6","141.237.70.163","college student","female","22","Greece",5,2,1,5,2,2,3,1,2,2,2,3,2,2,3,1,1,1,1,1,1,1,1,1,1,1,1,1,1,2,1,1,1,1,5,1,1,2,1,1,1,17,9,11,5,5,4,3,4,7,4,32,24,1,6,29,"88%",60,2.46823865267412,2.865941763729,0.937859195402299,1,0.426578284216983
1680,303,"5deead7ccaeb605657117e41","77.65.160.27","Highschool","Male","20","Poland",6,1,1,5,3,2,1,2,2,6,4,5,6,2,6,2,1,1,1,1,1,1,1,1,2,1,1,1,1,1,1,1,1,1,2,1,1,1,1,1,1,24,12,16,5,4,5,3,4,4,4,29,24,0,5,30,"92%",59,3.04393291261588,6.58569349897796,0.956896551724138,-0.161290322580645,0.619231664664077
1681,308,"5b95305ed14070000131ceed","89.161.13.16","Master's degree","Male","34","Poland",7,1,4,7,1,4,6,1,4,7,1,5,7,1,5,1,1,1,1,1,1,1,1,1,1,1,1,1,1,1,1,1,1,1,4,1,1,1,1,1,1,34,5,22,4,4,4,3,4,6,4,29,19,2,11,27,"78%",59,1.71228547407876,2.46482295700707,0.874319979386525,-0.369649805447471,0.526851390061258
1682,339,"5c74224e46216d0016a978b0","194.204.16.82","Master","Female","37","Estonia",7,7,7,7,7,7,7,7,7,7,1,7,7,7,7,7,7,7,7,7,7,6,4,7,5,7,7,4,1,7,7,5,1,6,7,7,6,7,6,7,7,35,29,35,24,28,23,15,27,18,21,156,25,8,5,22,"78%",60,1.525423335844,0.780413426146485,0.863181818181818,-1,-0.162532891932153
1683,323,"5ef1e53cf7e0448207e54766","2.154.176.120","bachiller","femele","27","spain",4,5,7,3,3,5,6,3,5,5,6,7,2,5,6,4,2,2,1,6,1,6,2,2,1,2,5,1,2,3,2,2,1,5,5,3,2,1,2,5,4,20,22,30,11,7,7,4,21,7,15,72,27,0,3,30,"95%",60,3.35243025189336,4.75322368860652,0.975,-0.158536585365854,0.464982995025337
1684,307,"5ee4b4715b6d9101d65ffc89","89.115.11.228","Bachelor","Male","20","Portugal",5,2,7,5,3,1,3,2,7,5,3,6,5,2,7,1,1,1,1,1,1,1,1,1,1,1,1,1,1,3,1,1,1,1,6,5,1,3,1,1,1,23,12,28,6,6,4,3,4,8,8,39,25,0,5,30,"92%",60,3.06644268082617,6.45158572131087,0.958333333333333,-0.0282776349614396,0.607976780558933
1685,315,"5d47d84a4555540001a4ae83","193.43.110.216","M.A. Student","Male","24","Poland",5,5,6,5,4,4,4,3,5,5,4,6,5,5,6,5,4,4,3,6,3,3,6,4,5,3,4,3,4,7,4,4,3,4,4,5,6,5,5,4,5,24,21,27,24,17,18,9,18,10,17,113,26,6,4,24,"83%",60,1.86495527060646,0.792152656251775,0.900641025641026,0.0753002420201836,-0.124936593183152
1686,317,"5f559e37bc0331172768ff04","78.87.216.227","University Student","Male","25","Greece",7,7,7,2,6,6,5,4,6,7,1,7,7,1,7,1,4,4,1,4,1,1,1,5,1,1,5,1,1,4,5,1,1,1,7,1,1,6,1,1,7,28,19,33,7,20,7,3,11,9,10,67,27,8,3,22,"82%",60,1.81141090691119,0.574971757999416,0.891835016835017,-0.199201482960217,-0.30552667746575
1687,363,"5d41d41f8d81920016194c8f","89.64.16.107","Master","Male","26","Poland",4,5,5,5,6,7,6,7,6,7,7,6,5,6,5,7,4,1,1,3,1,1,1,1,1,1,2,1,1,7,1,1,1,1,1,4,7,7,1,1,1,27,31,29,22,13,4,3,7,3,7,59,30,2,0,28,"97%",60,3.5419431821026,0.269463769547639,0.983333333333333,0.149171270718232,-0.370226529920721
1688,325,"5cdeae8d055c2e001a0c5308","79.71.30.221","college","female","32","united kingdom",5,5,7,5,5,5,5,5,4,5,5,5,5,5,5,4,4,4,4,4,4,4,1,4,1,1,1,2,2,5,3,3,3,2,3,4,4,4,4,3,3,25,25,26,14,15,12,8,10,9,13,81,23,10,6,19,"72%",58,1.16882084179734,0.792390868400195,0.812356979405034,-0.5625,-0.199089954491103
1689,361,"55bf38cdfdf99b0ceb57325a","94.61.156.1","College","Male","40","Portugal",5,4,4,5,4,4,4,4,4,4,5,4,4,5,5,4,4,4,1,4,1,1,1,4,1,1,4,2,1,4,4,1,1,4,4,1,1,4,1,4,4,22,22,21,10,16,7,3,16,7,7,66,21,10,9,20,"68%",60,0.921920874355487,0.959386033526744,0.768452380952381,-0.0557377049180328,-0.0449732169880686
1690,346,"5c8942ff42ff490015c7e32e","91.104.149.143","BA","Male","30","Hungary",5,5,6,7,7,6,6,6,6,5,6,2,6,6,7,2,3,1,1,6,4,1,1,2,1,2,2,1,1,6,2,2,1,4,6,2,4,2,4,1,2,29,30,27,13,9,8,4,13,11,6,64,16,20,14,9,"42%",59,-0.396093138008147,1.1168447848712,0.359589490968801,0.0909090909090907,-0.27899385948537
1691,326,"5e71201319928003752d45b8","2.82.39.40","Some college","female","21","Portugal",5,5,6,4,4,6,2,3,5,3,2,5,4,3,6,6,4,6,1,7,4,3,6,4,7,3,7,4,2,4,3,6,1,4,7,6,2,6,7,7,5,18,17,28,18,17,26,5,25,15,16,122,26,5,3,25,"86%",59,2.11706073153555,0.754142342397575,0.92249115826702,-1,-0.133285805913621
1692,311,"5e919e08c7bbd30009d7165c","151.24.75.70","Bachelor level","male","22","Italy",4,3,4,6,2,4,5,5,7,5,4,6,4,3,5,2,2,2,1,1,2,1,4,1,1,1,3,2,1,5,2,1,1,4,5,3,4,6,1,1,1,24,17,26,15,11,5,3,9,9,6,58,13,7,16,22,"60%",58,0.548828403341008,1.24554455082841,0.683566433566434,-0.290102389078498,0.400075548525578
1693,333,"5c8f70a02675ca0001daf60a","37.77.122.103","Master of Science","Female","32","Italy",3,2,7,3,2,6,5,2,6,3,1,7,3,2,7,7,1,5,1,2,1,1,1,1,1,1,2,1,1,4,1,2,1,5,4,5,1,7,1,5,5,17,9,33,13,10,9,3,14,6,12,67,28,10,2,20,"80%",60,1.81673228132025,0.408803499601487,0.885714285714286,0.317647058823529,-0.492378920470451
1694,324,"5d266713cba1f900011c5ebf","83.54.96.98","High school","Male","21","Spain",4,6,1,5,3,1,5,5,1,4,1,1,4,1,1,1,1,1,1,1,1,1,1,1,1,1,1,1,1,1,1,1,1,1,7,1,1,1,1,1,1,22,16,5,4,4,4,3,4,9,4,32,24,7,6,23,"78%",60,1.50763125472764,0.922195430279584,0.861865942028986,-1.73472347597681e-16,-0.0537254147562548
1695,376,"5ed016e533381b0ce0bab2d4","188.147.38.58","High School","Female","18","Poland",2,4,6,5,4,4,5,3,6,4,3,4,4,5,4,6,4,4,2,5,4,5,4,5,2,2,3,1,5,5,4,5,2,3,5,6,5,5,2,5,4,20,19,24,20,18,13,6,16,10,20,103,25,5,4,24,"84%",58,1.93916818113765,0.878418600159012,0.908333333333333,1,-0.0668492989249623
1696,334,"5f1586513cea8262e0af165f","37.163.110.231","High school diploma","F","20","Italy",4,5,7,1,5,3,4,6,7,2,2,5,3,5,6,6,4,3,1,4,1,2,3,1,1,1,4,1,1,1,1,1,1,6,5,1,1,4,1,4,2,14,23,28,11,10,6,3,18,7,6,61,29,3,0,27,"95%",59,3.33927736510633,0.216374057387125,0.975,0.463576158940397,-0.45840655163182
1697,366,"5f06eefaf3fc742667b4e79d","37.47.54.40","master degree","male","33","poland",6,5,4,4,5,5,4,5,5,4,4,5,6,5,4,6,3,3,3,4,4,3,2,2,5,4,4,3,2,6,6,5,4,3,6,5,6,3,4,3,3,24,24,23,20,14,17,11,14,13,13,102,26,21,4,9,"58%",60,0.551480574320569,0.649808227594336,0.686965811965812,-0.31764705882353,-0.781673941326096
1698,336,"5ee7bc5079ca99085e85f0ff","79.37.104.80","Certificate","Male","24","Italian",7,2,6,6,6,6,2,2,6,6,2,6,6,4,6,7,1,1,1,6,1,1,7,1,1,1,6,4,1,7,1,1,1,1,5,1,7,4,1,2,1,27,16,30,28,7,4,3,15,10,4,71,29,0,0,29,"100%",58,4.25609046836997,1,1,-0.112575544061035,0
1699,328,"5f57f428ed8e313417358272","85.137.122.8","High School","male","19","Spain",5,2,2,6,2,4,5,2,3,7,2,4,6,2,4,6,1,1,1,2,1,1,4,1,1,1,2,1,1,4,1,1,1,4,7,3,4,1,1,1,1,29,10,17,18,4,4,3,9,9,6,53,28,1,2,29,"95%",60,3.06144267168462,1.48871735508027,0.973830049261084,-0.0279069767441861,0.129976274711733
1700,335,"5daec370e4688e00142ca236","86.0.250.208","masters","male","27","united kingdom",7,4,4,7,4,6,6,4,6,5,7,7,5,4,7,4,1,1,1,5,1,1,1,1,1,1,4,1,1,4,1,1,1,1,4,1,1,7,1,1,1,30,23,30,10,10,4,3,11,6,4,48,24,6,6,24,"80%",60,1.61508208424015,1,0.875,-0.3,0
1701,331,"54affe30fdf99b71c5514d30","78.131.58.91","MA","Male","31","Hungary",6,1,2,5,4,2,7,2,1,5,4,3,6,1,2,1,1,1,1,1,1,1,1,1,1,1,1,1,1,1,1,1,1,1,7,1,1,1,1,1,1,29,12,10,4,4,4,3,4,9,4,32,28,0,2,30,"97%",60,3.54194318210259,3.71107404041273,0.983333333333333,-0.285630291627469,0.370226529920721
1702,319,"5f67d6b1d8563112207fe9aa","89.115.58.14","High School","Male","19","Portugal",3,5,5,3,6,2,2,5,4,3,6,5,3,4,3,1,4,3,1,2,5,2,1,4,2,1,2,5,1,1,2,2,1,2,5,2,1,5,2,2,3,14,26,19,4,15,9,3,8,15,8,62,17,3,13,27,"73%",60,1.37366150356263,2.05515236127565,0.835511982570806,-1.20096240644548e-16,0.52440137914003
1703,351,"5f458cb79f9aa31a7d7ab81b","81.193.27.186","high school","male","33","Portugal",4,4,1,1,3,1,1,3,1,1,2,1,1,4,1,1,1,1,1,1,1,1,1,1,1,1,1,1,1,1,1,1,1,1,4,1,1,5,1,1,2,8,16,5,4,8,4,3,4,6,5,34,29,2,1,28,"95%",60,3.06144267168462,0.671719179324059,0.973830049261084,0.182481751824817,-0.129976274711733
1704,320,"5b1123b61e55760001b9cfd9","51.175.124.62","bachelor","male","22","norway",4,4,4,5,3,4,3,3,4,5,4,4,6,3,4,4,1,1,1,1,1,1,4,1,1,1,1,1,1,4,1,1,1,4,7,4,4,1,1,1,1,23,17,20,16,4,4,3,7,9,7,50,24,7,5,23,"80%",59,1.60282500425143,0.850099481635643,0.873291999833417,0,-0.101322289518149
1705,349,"5efdf8ccefaeac0a69c051f3","79.166.70.129","Bachelor","Make","35","Greece",2,4,5,3,6,5,7,3,2,4,6,3,6,2,3,3,4,5,4,6,2,5,3,4,3,2,3,2,4,5,6,4,6,3,6,2,2,2,5,4,5,22,21,18,13,16,17,12,16,10,16,100,19,17,11,13,"53%",60,0.166861974336836,0.959805379222793,0.564777327935223,-1,-0.245860359809704
1706,330,"5b2a835734ffd00001b4bf30","91.182.146.173","College student","Male","22","Belgium",6,5,2,5,6,3,1,2,6,6,7,3,6,7,3,4,5,1,1,1,2,1,1,1,1,1,1,2,1,3,6,1,1,1,7,1,1,5,1,1,1,24,27,17,9,17,4,3,4,11,4,52,28,4,2,26,"90%",60,2.45815928961696,0.655746539220983,0.945054945054945,-0.472727272727273,-0.171665416322098
1707,329,"5d932636422035001900024f","5.173.248.154","high school","female","20","Poland",3,4,7,5,4,2,5,4,6,4,4,6,5,4,7,7,1,2,1,2,1,1,7,1,1,1,1,1,1,7,1,1,1,1,4,1,7,7,1,2,1,22,20,28,28,10,5,3,6,6,4,62,27,4,2,26,"90%",59,2.44040835558702,0.672149863276081,0.944303631659953,-0.323201683793488,-0.162789949307129
1708,367,"5f59220e0039b012971bba0f","85.221.146.176","High school","Male","19","Poland",5,6,5,3,2,3,3,3,4,5,4,2,3,5,2,4,3,5,1,3,4,5,1,3,4,3,2,2,5,1,3,5,2,4,7,5,1,2,2,5,3,19,20,16,7,11,16,6,14,13,18,85,26,4,4,26,"87%",60,2.11482845697276,1,0.923076923076923,-0.472727272727273,0
1709,321,"5bb44e5d27fb5000013c1f7d","201.103.140.187","high school degree","Male","26","MÃ©xico",3,6,1,3,6,3,1,3,1,5,7,1,1,5,2,1,1,1,1,1,4,1,1,1,1,1,1,1,1,6,1,1,1,1,4,1,1,1,1,1,1,13,27,8,9,4,4,3,4,9,4,37,27,2,3,28,"92%",60,2.61197719205192,1.28082157263505,0.954695767195767,-0.38121546961326,0.0947564651046158
1710,343,"5f85a31f9062ea02b144d781","193.136.60.225","High School Diploma","Male","19","Portugal",6,2,6,7,1,5,7,1,4,7,2,4,4,2,6,4,1,1,1,1,1,1,1,1,1,1,2,1,1,1,1,1,1,4,7,4,2,2,2,7,1,31,8,25,8,5,5,3,14,9,7,51,18,12,12,18,"60%",60,0.490012446074641,1,0.666666666666667,-6.25243904269927e-16,0
1711,352,"545d14e8fdf99b7f9e32555b","83.20.248.79","high school","male","25","poland",3,3,2,3,5,2,3,5,2,2,5,2,3,4,2,2,1,1,1,2,4,1,2,1,1,1,2,1,1,2,1,1,1,2,5,2,2,6,1,1,2,14,22,10,8,9,4,3,7,10,6,47,30,2,0,28,"97%",60,3.5419431821026,0.269463769547639,0.983333333333333,0.0917030567685588,-0.370226529920721
1712,472,"5f023c3ec017073d878f08f1","188.147.100.5","bachelor degree","Male","30","Poland",6,4,5,7,3,3,5,3,4,6,3,6,5,4,5,4,3,2,1,1,2,2,4,1,1,1,1,3,1,5,2,2,2,6,5,4,5,5,2,4,4,29,17,23,18,11,7,4,12,10,11,73,29,3,1,27,"93%",60,2.87192974147539,0.524443992571209,0.964878671775224,-0.472727272727273,-0.224732739816348
1713,347,"5c73e8a67fafbd001147187b","89.171.166.146","master degree","male","38","poland",5,3,4,6,3,3,5,4,4,5,3,4,5,3,5,4,5,3,2,2,2,2,4,3,3,2,3,3,2,4,3,3,3,3,5,3,4,5,3,3,3,26,16,20,16,16,12,7,11,10,10,82,26,10,4,19,"76%",59,1.44273469489395,0.615804032952241,0.849653310996324,0.56390977443609,-0.336046881039407
1714,360,"5f3c520cc59223ab7aabf147","89.64.48.191","Student","Male","21","Poland",6,7,6,1,7,4,1,7,2,2,6,6,1,7,6,4,1,1,1,1,1,4,6,1,1,1,1,4,1,1,1,2,1,1,4,4,7,4,1,1,5,11,34,24,18,7,5,3,4,9,14,60,29,3,1,27,"93%",60,2.87192974147539,0.524443992571209,0.964878671775224,1,-0.224732739816348
1715,338,"5b4e65de09f5af0001080f45","89.64.24.62","3rd grade High School","Male","18","Poland",6,3,5,4,3,2,5,4,4,5,6,5,6,4,4,4,1,1,1,3,1,2,1,2,1,1,3,1,1,1,1,1,2,6,5,4,1,7,2,1,1,26,20,20,7,11,5,4,13,7,8,55,28,5,2,25,"88%",60,2.32598962098473,0.575218899774409,0.935357142857143,-0.411073825503356,-0.237750250638212
1716,341,"5ec02b769ceceb08c07ffc02","177.242.221.174","High school","male","20","mexico",5,6,2,4,6,3,5,3,3,5,5,2,3,3,4,2,1,1,1,1,2,1,2,1,1,1,1,2,1,3,1,1,1,2,6,6,2,2,4,2,3,22,23,14,9,5,7,3,6,10,11,51,28,1,1,28,"97%",58,3.28970725390294,1,0.982142857142857,1,5.55111512312578e-16
1717,337,"5f41211aecc86b08e8912a4d","78.245.224.251","BaccalaurÃ©at","Homme","24","France",5,6,5,7,4,2,4,4,3,3,1,2,6,4,2,4,1,1,1,1,1,1,1,1,1,1,1,1,1,1,1,1,1,4,7,1,4,7,1,1,1,25,19,14,10,10,4,3,7,9,4,47,25,4,5,26,"85%",60,1.98265878834053,1.13999477325616,0.911923076923077,-0.31764705882353,0.0660848343161147
1718,348,"5b9fe00f893c0500015a1538","176.92.141.102","University","Male","33","Greece",7,3,1,7,1,1,7,1,1,7,5,1,7,2,1,1,1,1,1,4,1,1,1,1,1,1,4,1,1,1,1,1,1,1,7,1,1,1,1,1,1,35,12,5,4,4,4,3,10,9,4,38,29,3,1,27,"93%",60,2.87192974147539,0.524443992571209,0.964878671775224,-0.011441647597254,-0.224732739816348
1719,342,"5ef09c4b28006f5e1b422585","149.90.156.0","Second year of university","Male","19","Portugal",5,5,6,5,4,5,3,5,7,5,4,6,4,4,5,3,1,1,1,1,1,3,1,1,1,1,1,1,1,7,1,1,4,1,6,4,5,3,1,1,4,22,22,29,16,6,4,6,4,8,12,56,26,1,4,29,"92%",60,2.71811183904042,2.27026338080082,0.955901856763926,6.60847038467355e-17,0.30164169103383
1720,429,"5f118f14fb9b5c000897dd48","92.23.77.191","University ","Feminine ","30","England ",5,4,6,5,7,6,3,6,4,3,2,3,5,6,7,1,1,2,1,1,1,2,2,7,2,1,2,1,1,7,2,1,1,2,3,1,7,1,2,2,2,21,25,26,17,11,7,3,7,5,6,56,30,30,0,0,"50%",60,0,1,NA,0.472727272727273,-2.14119812097202
1721,356,"5f0231ecf889263b987f8fad","37.47.42.126","High School Degree","Female","20","Poland",3,7,6,3,6,4,2,7,6,3,2,6,5,6,6,6,2,5,1,2,1,3,6,4,6,1,4,1,3,7,3,5,1,4,6,4,6,3,6,6,6,16,28,28,25,12,22,3,16,8,16,102,19,0,11,29,"81%",59,2.45733658116311,9.11637150633831,0.908333333333333,-0.124324324324324,0.899376943603431
1722,373,"5f896a1a1368bb000bbde4fb","94.66.221.62","Student","Male","19","Greece",6,5,2,6,3,6,3,3,6,3,2,5,7,1,6,2,1,1,1,1,1,1,5,1,3,1,1,1,1,4,1,1,1,4,5,1,7,1,1,1,1,25,14,25,18,4,6,3,7,7,4,49,26,10,3,20,"78%",59,1.60780339187107,0.535962967994794,0.868258178603006,-1.11517937741366e-16,-0.38791447574586
1723,359,"5df15288b1fb0506c5fc6afb","82.7.180.97","Bachelor's degree","Female","31","United Kingdom",6,5,2,5,4,2,5,4,2,5,4,4,5,3,5,2,1,1,1,1,1,1,1,1,1,1,1,1,1,1,1,1,1,1,7,1,1,6,1,1,1,26,20,15,5,9,4,3,4,9,4,38,27,0,3,30,"95%",60,3.35243025189336,4.75322368860652,0.975,-0.746724890829694,0.464982995025337
1724,364,"5d78c6b81739590001f89705","79.69.45.156","college","female","29","uk",6,5,4,4,6,5,5,4,4,3,3,3,6,3,4,4,2,5,2,3,4,1,3,2,5,5,4,3,1,3,4,1,4,5,5,5,4,5,2,4,4,24,21,20,14,13,13,11,16,12,11,90,29,2,1,28,"95%",60,3.06144267168462,0.671719179324059,0.973830049261084,-0.335463258785943,-0.129976274711733
1725,370,"5f369356c181ed05e7d92c02","151.60.27.122","high school","female","21","italy",4,6,5,7,6,4,6,4,5,6,2,6,6,2,6,7,4,6,2,4,2,3,7,4,5,1,5,1,1,7,7,4,1,1,4,1,7,4,5,4,4,29,20,26,28,19,20,4,14,7,9,101,12,13,18,17,"48%",60,-0.082576850396035,0.983318331912272,0.466880341880342,0.441379310344828,0.203717797839303
1726,372,"5f242b147278bc000860c48d","85.245.120.130","College student","Female","21","Portugal",6,4,5,6,5,5,3,5,7,5,6,7,2,4,6,5,1,4,1,2,4,5,1,2,5,1,1,3,3,1,1,5,1,4,7,6,4,4,6,4,5,22,24,30,11,8,20,3,11,14,19,86,21,9,9,21,"70%",60,1.01186730833162,1,0.785714285714286,-1.11517937741366e-16,-5.55111512312578e-17
1727,355,"5ca3cafa2707e10001a04746","188.82.195.223","Taking a Degree","Male","18","Portugal",5,2,6,3,2,5,4,3,6,5,4,5,3,6,5,2,2,2,2,5,5,2,2,2,5,2,5,6,1,2,2,2,1,7,7,3,2,5,5,2,6,20,17,27,8,11,14,5,19,18,12,87,27,1,3,29,"93%",60,2.87192974147539,1.90678130394299,0.964878671775224,-0.369649805447471,0.224732739816348
1728,357,"5efb0fdafa9a7b022b6cdba8","89.64.8.224","High school","Male","20","Poland",6,1,1,2,2,2,3,3,4,4,4,4,4,4,4,2,1,7,7,1,1,2,2,3,3,3,3,1,3,1,1,1,1,1,5,1,2,3,2,5,4,19,14,15,7,8,13,11,10,7,10,66,27,4,3,26,"88%",60,2.26864635940773,0.839894313615008,0.934116809116809,-0.283667621776504,-0.076908951217482
1729,365,"5db2f3fb0da690000c028be0","213.124.215.66","high school diploma ","female ","19","Poland",2,6,5,2,7,5,2,3,5,2,2,6,3,3,6,6,1,2,3,2,1,3,4,2,5,2,4,1,5,2,2,4,1,6,3,6,4,2,4,6,5,11,21,27,16,7,15,6,18,5,19,86,28,2,2,28,"93%",60,2.80149012226115,1,0.964285714285714,-1.07672491612354e-16,1.11022302462516e-16
1730,368,"5ba83c3e48f4400001e201dd","103.217.167.123","Master's Degree","Male","30","Australia",2,3,2,2,2,4,2,2,5,2,4,4,5,4,4,2,1,1,1,1,1,1,2,1,1,1,2,1,1,1,1,1,1,2,7,1,2,2,1,1,1,13,15,19,7,5,4,3,6,9,4,38,29,10,1,20,"82%",60,2.07668483074372,0.274601151257114,0.901293103448276,-0.124324324324324,-0.622355195182183
1732,369,"5f1d56ad2c833f209baf1ee8","89.142.33.63","student","male","20","Slovenia",5,4,5,4,6,5,4,5,5,5,4,5,6,4,5,4,4,2,2,3,2,2,7,6,1,1,2,2,5,7,5,5,4,5,7,5,7,2,3,4,4,24,23,25,25,17,11,7,14,11,16,101,26,11,4,19,"75%",60,1.3867055754645,0.603598504512263,0.841599190283401,-1.5419764230905e-16,-0.364061440754129
1735,374,"5ddbc7801878f2000ab9ac03","93.40.214.18","Diploma","Male","20","Italy",5,2,2,6,2,5,3,1,5,6,5,6,6,2,2,2,1,1,2,1,4,1,1,1,2,1,1,3,1,1,1,1,1,2,7,1,1,2,2,1,1,26,12,20,5,5,6,4,5,14,4,43,27,11,3,19,"77%",60,1.54052347789947,0.506958951646372,0.858674463937622,1,-0.440970391971611
1736,377,"5921c0922b529b00013f32e6","146.90.127.142","BEng","Male","31","UK",7,1,2,7,1,2,2,2,5,7,2,6,7,2,2,1,1,1,1,1,2,1,1,1,2,1,1,1,1,1,1,1,1,1,7,1,1,6,2,1,1,30,8,17,4,9,6,3,4,10,4,40,28,2,2,28,"93%",60,2.80149012226115,1,0.964285714285714,1,1.11022302462516e-16
1737,383,"5ef0c81a7d17e3039b5b5a59","151.229.149.254","Student ","Female","22","uk",3,4,5,2,4,3,1,1,3,2,2,3,2,1,5,7,1,7,1,1,4,1,7,6,6,1,1,1,1,7,1,1,1,1,4,1,7,7,6,1,1,10,12,19,28,15,20,3,4,9,4,83,27,8,3,22,"82%",60,1.81141090691119,0.574971757999416,0.891835016835017,1,-0.30552667746575
1738,382,"5ec0346aaae6702f5d1f9599","89.153.146.203","Studying","male","18","portugal",3,4,4,4,6,4,2,4,4,3,1,4,3,4,4,4,4,4,4,4,4,4,4,4,4,4,4,4,4,4,4,4,4,4,4,4,4,4,4,4,4,15,19,20,16,16,16,12,16,12,16,104,25,16,5,14,"65%",60,0.844297269372856,0.653925063527789,0.750714285714286,-0.0204081632653061,-0.503095925167724
1740,380,"5dae5c7158a2e500170f1cd8","85.86.128.12","Masters degree","Female","30","Spain",5,5,1,3,2,1,3,3,1,5,5,4,5,1,4,1,1,1,1,1,1,1,1,1,1,1,1,1,1,1,1,1,1,1,6,1,1,1,1,1,1,21,16,11,4,4,4,3,4,8,4,31,29,1,1,29,"97%",60,3.32139522110808,1,0.982758620689655,1,0
1741,381,"5bec01bfe9b3490001e63ff4","87.239.222.19","Master's degree","Male","28","Poland",5,4,5,5,3,5,4,4,5,5,4,6,5,4,5,5,1,1,1,4,3,4,5,4,1,1,4,4,1,6,2,1,1,3,5,4,4,3,1,1,5,24,19,26,20,10,4,3,12,12,14,75,27,4,3,26,"88%",60,2.26864635940773,0.839894313615008,0.934116809116809,-0.257142857142857,-0.076908951217482
1742,385,"5d64d8ddadc4e800182d259a","83.10.234.62","Masters degree","Male","30","Poland",2,2,3,1,2,2,5,5,3,3,5,3,3,2,3,3,1,1,1,1,1,1,2,1,1,1,1,2,1,5,1,1,2,2,6,1,1,2,1,1,1,14,16,14,11,5,4,4,5,9,4,42,27,3,3,27,"90%",60,2.42246426184269,1,0.944444444444444,-1,0
1743,423,"5f808f2a2c770e0cd61f624f","47.63.57.175","Estudying a degree","Female","19","Spain",3,5,6,2,5,3,5,3,6,5,2,6,2,2,6,3,2,2,1,4,2,6,4,3,5,1,4,3,3,1,2,2,1,5,7,5,2,5,4,3,5,17,17,27,10,12,13,3,16,12,19,85,29,0,1,30,"98%",60,3.80189573152606,2.49279960883685,0.991666666666667,-0.0666666666666666,0.240250255208988
1746,379,"5f81a2244e5a8526399902f0","90.181.85.106","college student","Male","20","Czechia",6,2,4,7,3,5,7,2,5,7,5,4,6,4,6,4,3,2,3,2,1,1,4,2,3,5,2,4,1,2,1,1,2,4,4,2,4,2,2,1,2,33,16,24,14,8,8,10,9,9,6,64,28,0,2,30,"97%",60,3.54194318210259,3.71107404041273,0.983333333333333,0.28,0.370226529920721
1747,388,"5f6ba1b2c71e610e2cf8bb47","87.239.241.242","high school level","male","19","poland",5,2,6,3,6,2,5,6,6,3,7,4,3,6,6,6,1,2,2,7,4,3,2,1,5,2,6,1,2,7,1,2,1,5,4,3,4,7,1,2,5,19,27,24,19,10,10,5,20,9,13,86,28,0,2,30,"97%",60,3.54194318210259,3.71107404041273,0.983333333333333,-0.0356164383561643,0.370226529920721
1748,387,"5e0cf83bc12a3649f4c9ee92","62.28.62.98","bachelor degree","male","23","portugal",7,6,2,7,6,1,6,6,7,6,5,7,3,2,5,1,1,1,1,1,4,2,1,1,3,1,1,2,1,5,1,1,1,1,7,5,1,5,4,1,5,29,25,22,8,8,9,3,4,13,13,58,18,15,12,15,"55%",60,0.245006223037321,0.970431923471887,0.591666666666667,0.0164705882352942,-0.12250311151866
1749,399,"5f2bded7950b8a00095bade1","37.47.196.119","student","female","21","Poland",5,6,6,6,3,2,2,2,6,3,2,7,5,4,6,7,5,2,5,1,1,5,7,4,2,1,1,1,5,7,2,3,2,1,4,7,7,2,4,6,7,21,17,27,28,13,11,8,9,6,24,99,30,0,0,30,"100%",60,4.28239624194404,1,1,-1,0
1750,397,"5f6878ff3e51514ba25b269d","188.146.36.125","University student","Female","20","Poland",2,2,2,4,2,1,2,2,6,2,2,6,6,2,4,3,1,2,1,4,2,1,1,1,1,1,3,1,1,1,1,1,1,4,6,2,1,7,1,3,3,16,10,19,6,10,5,3,14,9,7,54,29,0,1,30,"98%",60,3.80189573152606,2.49279960883685,0.991666666666667,1,0.240250255208988
1754,389,"5f78abc4ee4094463d8b706f","212.88.233.66","Bachelor","Male","20","Belgium",5,5,5,6,5,5,5,6,5,6,5,5,6,5,6,6,5,2,2,4,4,2,7,4,2,2,4,2,2,1,1,2,4,4,4,4,4,6,2,4,1,28,26,26,18,16,8,8,16,10,9,85,26,8,4,22,"80%",60,1.65759300447623,0.684576319518902,0.877622377622378,1,-0.228617726248268
1755,422,"5e9ad778a76bd8000c4a53e6","79.185.100.189","student of university","female","21","Poland",5,5,6,2,4,5,3,4,5,3,6,6,4,3,6,6,2,5,1,6,3,3,4,3,5,3,5,4,2,5,3,5,2,6,7,5,4,5,4,5,5,17,22,28,19,13,19,6,22,14,15,108,30,1,0,29,"98%",60,3.80189573152606,0.40115539029092,0.991666666666667,0.56390977443609,-0.240250255208988
1756,405,"5f74569bbcaaa40b76c18adb","176.24.91.118","Master of Education","female","24","United Kingdom",3,2,3,1,5,4,1,3,7,2,4,4,1,3,4,1,1,1,1,1,1,1,1,1,1,1,1,1,1,1,1,1,1,1,1,1,1,1,1,1,1,8,17,22,4,4,4,3,4,3,4,26,21,18,9,12,"55%",60,0.260927431128491,0.906675735024215,0.598214285714286,-0.169435215946844,-0.375469938601566
1758,394,"5eef23f5f834873e4b9ba6e3","93.41.116.26","Bachelor's degree","Male","24","Italy",3,2,1,5,1,6,6,4,5,5,3,6,3,1,6,7,1,1,1,3,1,1,1,1,1,1,2,1,1,7,1,1,1,6,7,1,1,1,1,1,1,22,11,24,16,4,4,3,12,9,4,52,24,3,6,27,"85%",60,2.01877317304142,1.50302594104661,0.913194444444444,-0.35,0.201845544400634
1759,392,"5eff55b491a1504ce717dc6a","185.38.225.78","student","male","21","poland",5,4,6,3,3,5,5,4,6,4,6,7,6,5,7,5,1,1,1,2,1,3,4,2,1,1,4,1,1,4,2,1,1,1,7,2,4,4,2,4,3,23,22,31,17,9,5,3,11,9,9,63,8,9,22,21,"48%",60,-0.0942451218240337,0.949212248608015,0.460858585858586,0.0498812351543943,0.553056215077829
1760,410,"5e9c5aa34bf531172bac341b","5.54.134.49","Student","Female","20","Greece",5,4,4,3,4,4,3,4,4,4,5,5,4,5,4,6,2,4,3,3,2,1,7,4,4,2,3,6,2,7,2,2,2,2,3,1,7,5,3,1,3,19,22,21,27,13,13,7,9,11,7,87,18,11,12,19,"62%",60,0.574297570015443,1.02449762545457,0.689327485380117,-0.0346420323325635,0.0421425619704008
1761,395,"5f4e87ae904bb0080260f276","80.49.193.116","undergraduate","male","18","Poland",7,6,4,6,6,5,7,2,6,6,7,4,6,6,5,4,1,1,1,4,1,6,1,1,1,1,1,1,1,1,1,1,1,3,6,4,1,4,1,1,5,32,27,24,7,7,4,3,9,8,16,54,30,1,0,29,"98%",60,3.80189573152606,0.40115539029092,0.991666666666667,-0.472727272727273,-0.240250255208988
1765,393,"5c7be611a1b2fd0001682a4b","2.82.70.30","bachelors degree","female","21","portugal",7,3,7,3,2,2,5,3,6,7,1,7,5,3,7,4,4,4,1,4,3,3,1,4,6,1,5,4,4,2,1,1,1,4,5,5,1,6,5,5,7,27,12,29,8,15,16,3,18,12,19,91,23,0,7,30,"88%",60,2.84128833357958,7.7469680210917,0.941666666666667,-0.08,0.720553954182226
1766,398,"5f195c90dc3e57012cd267c0","212.3.194.218","Bachelors degree","Male","23","Latvia",5,2,5,5,5,4,5,4,5,4,3,5,4,5,5,4,4,4,4,4,4,4,4,4,4,4,4,1,4,4,4,4,4,4,6,4,4,3,3,4,1,23,19,24,16,15,15,12,16,11,13,98,28,0,2,30,"97%",60,3.54194318210259,3.71107404041273,0.983333333333333,-9.99200722162641e-17,0.370226529920721
1767,390,"5f7465ec20a50420ba50d0a1","88.66.246.46","BA of Arts","Female","22","Germany",6,7,7,7,5,7,7,6,7,6,5,7,7,4,7,7,5,6,4,6,4,4,7,5,6,4,7,4,2,7,5,6,5,4,6,4,7,7,5,4,4,33,27,35,28,22,23,13,21,14,14,135,26,1,4,29,"92%",60,2.71811183904042,2.27026338080082,0.955901856763926,0.664739884393064,0.30164169103383
1768,437,"5d6a5f4ce43d0b0001f5a223","92.27.191.92","Not in education","Female","25","UK",6,5,6,5,6,6,6,7,7,7,1,4,7,4,7,6,4,4,5,5,3,5,2,4,1,5,6,2,5,1,4,2,5,6,6,6,4,5,3,4,6,31,23,30,13,17,10,15,21,11,22,109,25,22,5,8,"55%",60,0.325065783864306,0.780413426146485,0.62375,-0.213592233009709,-0.762711667921999
1769,391,"5ebbca3148cda5022ccdf1b6","143.159.0.25","BSC","Male","37","UK",3,1,1,4,2,1,2,1,5,5,1,5,3,1,5,1,1,1,1,1,2,1,1,1,1,1,1,2,1,1,1,1,1,1,7,1,1,1,1,1,1,17,6,17,4,4,4,3,4,11,4,34,26,12,4,18,"73%",60,1.3024204515237,0.589165352378877,0.829059829059829,-0.44,-0.40620400272453
1770,424,"5ea9520eae87cf034734bed1","85.245.27.196","Post Graduate","M","36","Portugal",5,2,5,5,2,5,2,3,6,5,1,7,7,1,7,4,1,1,1,4,1,1,1,1,1,1,4,1,1,1,1,1,1,1,7,1,1,4,1,1,1,24,9,30,7,7,4,3,10,9,4,44,20,17,10,13,"55%",60,0.253557847548389,0.929293152279865,0.595192307692308,-0.472727272727273,-0.28920829641548
1771,435,"5b3545fd975e260001e9b2a8","151.24.3.15","laurea magistrale","femmina","25","Italia",7,4,4,7,4,1,7,2,4,6,4,4,6,2,5,4,2,1,1,1,1,1,1,1,1,1,1,1,1,4,1,1,1,1,4,3,1,7,1,1,1,33,16,18,10,11,4,3,4,6,6,44,19,14,11,16,"58%",60,0.410238637459418,0.950335533413021,0.643914473684211,-0.423487544483986,-0.124172028248413
1772,400,"5b350f2aa8327d0001005a72","83.42.142.197","Bacherlor's Degree","Male","29","Spain",6,4,5,2,6,4,4,4,2,5,7,6,5,4,6,2,1,1,1,4,1,1,1,1,1,1,2,1,1,3,1,1,1,2,6,6,1,4,1,2,4,22,25,23,7,7,4,3,10,8,12,51,29,3,1,27,"93%",60,2.87192974147539,0.524443992571209,0.964878671775224,-0.4,-0.224732739816348
1773,402,"5f80bd2724755f13a6a15a0a","149.90.97.31","Bachelor","Male","23","Portugal",5,3,7,6,2,4,3,2,5,5,7,7,5,3,6,2,2,4,1,2,4,5,3,4,3,2,4,3,1,1,2,1,2,3,7,3,2,5,4,2,5,24,17,29,8,13,12,5,11,14,14,77,23,9,7,21,"73%",60,1.20602386677338,0.889515166273813,0.818840579710145,1,-0.0970782792208775
1774,413,"5e5e9ac3f6e6231c65079fba","86.31.198.54","a levels","female","38","England",6,4,5,5,4,5,5,4,5,6,4,4,5,4,5,5,3,2,1,4,1,3,4,4,4,1,4,2,1,5,3,2,2,4,5,5,5,4,5,5,5,27,20,24,19,14,13,4,17,8,14,89,25,5,5,25,"83%",60,1.8504891197083,1,0.9,0,0
1776,444,"5f4633b8a6e20126eb4cdcc2","176.26.97.225","Bachelor Degree","F","31","UK",4,6,6,5,6,4,3,4,6,6,2,6,5,4,5,4,1,1,1,5,4,4,2,1,2,1,5,4,1,5,1,4,1,4,6,4,7,5,4,5,5,23,22,27,18,8,11,3,19,14,14,87,24,1,6,29,"88%",60,2.46823865267412,2.865941763729,0.937859195402299,0.472727272727273,0.426578284216983
1777,407,"5f8564cbc02bce000974422c","94.7.216.229","Honours Undergrad Degree","Male","38","United Kingdom",3,2,1,2,2,2,1,2,2,2,1,2,2,2,2,1,1,1,1,1,1,1,1,1,4,1,1,2,1,1,1,1,1,1,4,1,1,7,1,1,1,10,9,9,4,10,7,3,4,7,4,39,27,5,3,25,"87%",60,2.1364766907755,0.736752775818459,0.923703703703704,-1,-0.142993785533597
1778,401,"5d6a69c67832980018762c8b","91.142.203.199","Master's degree","F","31","Poland",2,2,3,2,1,5,1,1,7,4,1,7,6,1,7,4,4,1,1,5,1,1,1,5,7,1,7,1,1,1,5,5,1,6,7,5,1,7,7,6,6,15,6,29,7,21,20,3,24,9,13,97,28,6,2,24,"87%",60,2.20828610325065,0.519451362871811,0.925595238095238,0.10803324099723,-0.29660200950525
1779,442,"5f440c75d925560f82113f63","89.230.151.162","college student","female","19","Poland",6,5,5,6,4,3,5,4,5,5,5,5,6,3,5,5,2,3,3,2,4,4,4,3,3,3,2,3,3,5,2,2,1,4,5,4,5,2,4,4,4,28,21,23,19,9,12,7,12,12,15,86,29,3,1,27,"93%",60,2.87192974147539,0.524443992571209,0.964878671775224,-0.416022821823369,-0.224732739816348
1780,434,"5e9f1fd1ccad1908bdb9f8f7","188.221.152.208","A Levels","Male","35","United Kingdom",6,2,2,5,6,5,1,2,7,6,1,5,3,3,5,1,1,1,1,1,1,1,1,1,1,1,1,1,1,1,1,1,1,1,6,1,1,1,1,1,1,21,14,24,4,4,4,3,4,8,4,31,27,10,3,20,"78%",60,1.62721935111102,0.523604341258287,0.869907407407407,7.09659603808694e-17,-0.397622455365835
1781,403,"5f104b98d631e82b7d9dd843","91.196.214.242","Master's degree","Male","28","Poland",5,4,5,2,5,4,2,6,4,3,7,4,2,4,4,6,4,1,1,1,1,1,6,1,1,1,1,1,1,7,1,1,1,1,7,1,7,6,1,4,5,14,26,21,26,12,4,3,7,9,8,69,27,9,3,21,"80%",60,1.71716578508716,0.545770235296729,0.880952380952381,-0.182481751824818,-0.352649238377767
1782,404,"5ec6a32b8249520b43765973","83.28.214.13","high school","male","20","Poland",1,3,7,7,3,1,4,2,7,5,3,7,4,1,7,5,1,1,1,2,1,1,7,1,1,1,1,1,1,7,1,1,1,4,6,1,7,7,1,2,1,21,12,29,26,10,4,3,9,8,4,64,17,0,13,30,"78%",60,2.3036274936133,9.76859888731104,0.891666666666667,1,0.989384374165366
1783,452,"5dbc433e82849c1eb0c400b5","81.190.0.61","Master's degree","Male","26","Poland",6,4,4,6,4,2,3,3,5,5,2,5,5,2,5,2,1,1,1,1,1,1,2,1,1,1,1,1,1,2,1,1,1,3,4,2,1,1,1,1,2,25,15,21,7,4,4,3,6,6,6,36,18,12,12,18,"60%",60,0.490012446074641,1,0.666666666666667,-0.315789473684211,0
1784,419,"5b62f401c7e8a900018d7e99","139.47.103.35","Student","Female","25","Spain",6,5,1,4,4,2,6,6,1,6,6,1,4,5,1,1,1,1,1,1,3,1,1,1,1,1,1,3,1,1,1,1,1,1,5,2,1,6,1,1,1,26,26,6,4,9,4,3,4,11,5,40,27,1,3,29,"93%",60,2.87192974147539,1.90678130394299,0.964878671775224,-0.623376623376623,0.224732739816348
1785,409,"5f47f877219f12253b0cad41","93.34.115.43","Bachelor Degree","Male","23","Italy",6,1,2,6,3,1,5,2,1,5,5,5,3,5,4,1,1,1,1,1,1,1,1,1,1,1,1,1,1,1,1,1,1,1,7,7,1,7,1,1,4,25,16,13,4,10,4,3,4,9,13,47,30,2,0,28,"97%",60,3.5419431821026,0.269463769547639,0.983333333333333,-1,-0.370226529920721
1787,443,"5ec7a55867b0da20d83ca169","83.243.107.209","mechatronics technician","male","18","Poland",5,4,6,5,4,5,6,6,3,5,4,6,5,4,3,1,1,1,1,3,1,1,1,1,1,1,1,1,1,4,3,1,1,1,1,1,4,4,3,3,3,26,22,23,10,9,6,3,8,3,6,45,20,7,10,23,"72%",60,1.11607743279724,1.17179934506398,0.803804347826087,-0.257142857142857,0.142051496208946
1789,456,"5e610297db0d71000b290e88","80.188.222.34","High school","Male","29","Czech Republic",6,3,1,3,2,3,5,2,1,2,1,6,3,1,1,1,1,1,1,1,1,1,1,1,1,1,1,1,1,1,1,1,1,1,7,1,1,4,1,1,1,19,9,12,4,7,4,3,4,9,4,35,17,6,2,11,"78%",36,1.50583979821554,0.549654637460252,0.860714226585653,-0.664739884393064,-0.397429481268238
1790,425,"5e9324e0019f08188c80f45a","90.168.232.2","graduate degree","male","34","Argentina",7,7,1,1,5,3,5,3,5,6,4,7,4,5,5,7,1,1,1,1,1,1,1,1,1,1,1,1,1,1,1,1,1,1,7,1,1,7,1,7,1,23,24,21,10,10,4,3,10,9,4,50,22,8,8,22,"73%",60,1.20035755197969,1,0.818181818181818,-0.0566037735849056,0
1792,430,"5f2b194b10d1d34fd4ab42fa","91.223.64.201","Collage student","Male","21","Poland",6,5,6,6,5,5,3,3,4,4,2,4,5,3,5,4,3,4,5,4,3,4,6,2,5,5,2,4,5,4,4,5,2,4,2,4,3,4,2,5,4,24,18,24,17,13,16,12,15,9,17,99,28,3,2,27,"92%",60,2.61197719205192,0.780748873508346,0.954695767195767,0.542857142857143,-0.0947564651046157
1793,412,"5e957782fd282d3f6481a172","217.195.174.110","college student","male","21","Czech Republic",6,3,5,5,6,3,6,4,6,7,2,7,6,4,7,4,1,1,2,4,1,1,4,1,1,1,4,1,1,4,1,1,1,4,5,5,4,5,1,2,1,30,19,28,16,8,4,4,14,7,8,61,28,0,2,30,"97%",60,3.54194318210259,3.71107404041273,0.983333333333333,-0.203821656050955,0.370226529920721
1794,446,"5ece5c9337ddf22014ae19a1","94.254.154.252","Student","Male","20","Poland",6,4,7,6,2,1,5,2,4,2,5,7,5,1,6,4,2,5,4,5,4,3,6,2,5,4,6,4,2,6,4,5,2,5,7,5,6,5,6,4,5,24,14,25,22,13,21,10,20,15,15,116,26,20,4,10,"60%",60,0.641427008296706,0.623416938024774,0.707692307692308,-1.11517937741366e-16,-0.736700724338028
1795,406,"5ebbdb5661918a0469093fb9","109.125.248.70","student","male","19","Poalnd",4,3,2,6,5,2,6,3,4,4,7,1,3,6,1,2,1,2,1,2,2,1,2,2,1,1,2,1,1,2,2,1,1,3,6,2,1,6,1,1,3,23,24,10,7,11,5,3,8,9,7,50,29,5,1,25,"90%",60,2.58594217040819,0.386385567288154,0.946896551724138,0.317647058823529,-0.367726525349945
1796,298,"5eb45d58ca57072a7b9e96d9","94.154.96.94","High School","Male","20","Poland",4,5,6,6,5,4,5,5,6,6,7,7,5,2,6,6,2,1,1,3,2,2,4,2,2,1,5,4,2,5,3,2,2,5,6,4,6,3,3,6,5,26,24,29,21,10,8,4,19,12,13,87,30,4,0,26,"93%",60,3.1986123494584,0.176699934326305,0.966666666666667,0.664739884393064,-0.541891946242819
1797,411,"5f022bbeaaa45a0d1377a965","87.113.187.3","Masters","Male","23","UK",5,5,6,6,4,5,3,5,5,4,5,4,5,3,5,4,1,1,1,1,1,1,1,1,1,1,1,7,1,1,1,1,1,1,7,1,1,1,1,1,1,23,22,25,7,4,4,3,4,15,4,41,26,8,4,22,"80%",60,1.65759300447623,0.684576319518902,0.877622377622378,0.277456647398844,-0.228617726248268
1798,440,"5f209bb12cf3543aed1fee25","46.189.158.154","Master degree","female","25","Portugal",6,6,6,7,6,6,3,4,4,4,2,6,6,6,6,4,4,4,1,4,4,4,4,4,4,4,5,5,5,4,4,4,4,4,4,4,4,4,4,4,4,26,24,28,16,16,16,9,17,13,17,104,29,6,1,24,"88%",60,2.46823865267412,0.348925443167016,0.937859195402299,-0.56390977443609,-0.426578284216983
1799,415,"5ddeab4e2b033be1f013d5b2","83.40.144.218","Undergraduate","Female","21","Spain",5,5,5,6,6,5,5,5,4,6,3,6,5,5,6,3,2,2,2,4,2,1,2,1,2,2,1,2,2,2,2,3,3,4,6,1,4,4,5,1,1,27,24,26,11,9,12,7,10,10,5,64,20,16,10,14,"57%",60,0.335039929708379,0.920124353005898,0.621428571428571,-0.0502512562814069,-0.248467255335485
1800,408,"5dfe2d266552efac7758576e","64.43.46.236","Graduate","Male","37","Ireland",5,1,1,6,3,3,4,3,1,5,1,1,4,7,1,1,1,1,1,1,1,1,1,1,1,1,1,1,1,1,1,1,5,1,5,1,1,1,1,1,1,24,15,7,4,4,4,7,4,7,4,34,21,2,9,28,"82%",60,1.90667871529639,2.34681462967411,0.895833333333333,0.38121546961326,0.447405703482382
1804,431,"5f1d3ad42799076387be231c","41.13.204.144","graduate","male","18","south africa",7,7,7,7,3,7,7,4,7,7,1,7,7,4,7,7,7,7,2,7,7,7,4,7,7,2,7,7,7,7,7,7,2,7,7,1,1,7,7,7,7,35,19,35,19,28,28,6,28,21,22,152,25,9,5,21,"77%",60,1.43117821401996,0.74077798307639,0.85047619047619,-1.07672491612354e-16,-0.20965545284417
1805,414,"5e8f6a0c43c24d09f5d73cdc","146.212.21.20","High School graduate","Female","25","Slovenia",6,2,4,5,1,1,6,1,5,5,4,4,3,1,5,2,1,1,1,4,1,1,1,1,1,1,4,1,1,1,1,1,1,1,4,4,1,7,1,1,1,25,9,19,5,10,4,3,10,6,7,45,28,2,2,28,"93%",60,2.80149012226115,1,0.964285714285714,0.0917030567685588,1.11022302462516e-16
1806,420,"5ee0a69c8f7e473ee2374d70","92.13.42.52","Bachelor's Degree","Female","24","United Kingdom",6,3,1,6,3,1,3,1,5,7,5,3,7,1,2,5,4,5,1,5,4,3,2,5,5,1,5,4,3,4,5,1,1,5,7,5,2,5,5,6,6,29,13,12,13,19,16,3,21,15,17,104,28,1,2,29,"95%",60,3.06144267168462,1.48871735508027,0.973830049261084,-1.11517937741366e-16,0.129976274711733
1808,439,"5c1a46e47fb37900018348c5","193.193.185.201","Vocational training","Male","38","Greece",4,3,1,4,3,1,7,1,1,7,5,1,6,4,1,1,1,1,1,1,1,1,1,1,1,1,1,4,1,1,1,1,1,1,4,1,1,7,1,1,1,28,16,5,4,10,4,3,4,9,4,38,24,1,6,29,"88%",60,2.46823865267412,2.865941763729,0.937859195402299,-0.124324324324324,0.426578284216983
1809,417,"5ba8a1d2c16a9c0001497a21","141.134.101.105","MSc","Male","28","Belgium",6,1,1,6,1,1,5,1,1,6,2,1,6,1,1,1,1,1,1,1,1,1,1,1,1,1,1,1,1,1,1,1,1,1,4,1,1,1,1,1,1,29,6,5,4,4,4,3,4,6,4,29,30,0,0,30,"100%",60,4.28239624194404,1,1,1,0
1810,421,"5f034a2302f4ca23d764cdef","149.90.201.105","High School Graduate","male","19","Portugal",5,2,3,5,2,5,3,2,5,5,4,5,6,2,5,4,1,1,1,4,2,1,1,1,1,1,3,1,1,2,4,1,1,2,6,1,1,7,1,3,2,24,12,23,8,13,4,3,12,9,5,54,17,5,13,25,"70%",60,1.08767393249544,1.51413920689969,0.796470588235294,1,0.381407593606433
1811,436,"5e1cbbf3a7414f047e3d3dc8","188.87.151.225","University","Male","19","Spain",6,6,7,6,7,7,6,5,7,7,6,7,7,6,7,6,4,3,3,5,1,2,2,5,3,2,4,1,2,1,2,2,1,3,7,4,2,6,2,3,4,32,30,35,11,17,10,6,15,9,12,80,29,4,1,26,"92%",60,2.71811183904042,0.44047752717011,0.955901856763926,0.0282776349614396,-0.30164169103383
1812,460,"5ec55247144f4f4fc6620d80","83.7.1.20","college level","Male","21","Poland",6,6,5,6,5,4,5,4,5,5,5,4,5,5,6,5,2,2,3,4,4,5,4,3,2,3,5,5,6,6,5,3,2,5,6,5,5,5,5,6,5,27,25,24,20,15,12,8,20,15,21,111,21,11,9,19,"67%",60,0.835225001143934,0.928887137589583,0.75062656641604,1,-0.0883211535938448
1813,426,"5ecd84fc5216e60fe17dd26a","136.173.180.8","Bachelor","Male","27","Belgium",5,4,2,5,4,5,4,3,2,3,1,3,4,5,3,2,1,1,1,1,1,1,1,1,1,1,1,1,1,1,1,1,1,2,3,1,1,2,1,1,2,21,17,15,5,5,4,3,5,5,5,32,25,2,5,28,"88%",60,2.32598962098473,1.73846860802415,0.935357142857143,-0.219512195121951,0.237750250638212
1814,428,"5f3efd5c620e851cfb6968be","93.176.248.127","High School","Male ","21","Poland ",3,2,5,4,5,3,6,6,7,6,1,6,6,4,7,4,1,1,1,1,1,4,4,1,1,1,4,1,1,6,1,1,7,4,6,1,4,7,4,5,1,25,18,28,18,10,7,9,14,8,7,73,29,1,1,29,"97%",60,3.32139522110808,1,0.982758620689655,0.257142857142857,0
1815,449,"5f31445fe8a9536043a627c7","189.171.103.59","bachelor's degree","male","28","Mexico",7,5,6,5,4,6,3,3,6,5,5,7,4,3,7,6,3,3,1,5,3,2,3,2,2,1,4,3,1,4,3,1,1,4,6,4,2,4,1,2,4,24,20,32,15,12,7,3,15,12,11,75,25,4,5,26,"85%",60,1.98265878834053,1.13999477325616,0.911923076923077,1,0.0660848343161147
1816,445,"5efc7c87ae067d024d35278b","89.76.27.167","Student","Male","18","Poland",5,4,6,2,5,5,2,4,5,2,4,4,4,4,6,5,4,2,2,6,4,2,4,5,4,3,5,4,3,2,5,4,2,6,4,5,4,4,4,5,4,15,21,26,15,18,14,7,22,12,14,102,28,2,2,28,"93%",60,2.80149012226115,1,0.964285714285714,0.251497005988024,1.11022302462516e-16
1817,427,"5c30a8e12644d70001858e18","83.40.138.236","Bachellors.","Male","20","Spain",5,5,7,5,6,7,4,5,4,6,5,6,5,6,6,4,1,1,1,5,1,2,1,1,1,1,1,1,1,1,1,1,1,1,5,1,1,4,1,5,1,25,27,30,7,7,4,3,12,7,5,45,27,4,3,26,"88%",60,2.26864635940773,0.839894313615008,0.934116809116809,-0.161290322580645,-0.076908951217482
1818,441,"5f577bcb1f047421745878b5","62.216.207.132","Master's Degree","Female","32","Germany",6,5,6,5,7,6,3,3,6,3,5,6,6,3,5,4,2,2,1,4,1,1,1,2,1,1,3,1,1,2,2,1,1,4,6,1,1,2,1,1,1,23,23,29,8,8,5,3,12,8,4,48,27,0,3,30,"95%",60,3.35243025189336,4.75322368860652,0.975,-1,0.464982995025337
1819,433,"5f19a15b6472d70008a9d5fe","5.249.47.40","High school diploma","Female","21","Portugal",6,2,1,5,3,1,3,2,1,6,7,2,6,1,2,1,1,1,1,1,1,1,1,1,1,1,1,1,1,1,1,1,1,1,7,1,1,1,1,1,1,26,15,7,4,4,4,3,4,9,4,32,28,0,2,30,"97%",60,3.54194318210259,3.71107404041273,0.983333333333333,0.317647058823529,0.370226529920721
1820,432,"5d88d9338d8d8d00018f63c4","86.19.218.63","professional qualifications ","female","33","UK",6,4,1,4,4,1,3,4,4,7,4,4,4,4,5,4,3,4,1,4,4,3,5,3,5,1,4,3,1,4,3,3,1,4,4,4,5,4,4,4,5,24,20,15,18,13,16,3,16,11,13,90,20,9,10,21,"68%",60,0.921920874355487,1.04233328926413,0.768452380952381,-0.770750988142293,0.0449732169880686
1821,438,"5c924c01b60de600159797e5","86.184.84.96","completed masters degree","female","34","United Kingdom",6,3,2,5,1,2,5,4,2,5,5,5,5,4,5,4,1,2,1,3,4,1,1,1,5,3,1,4,1,3,1,3,1,5,6,1,1,3,5,1,1,26,17,16,9,6,15,5,10,14,4,63,29,0,1,30,"98%",60,3.80189573152606,2.49279960883685,0.991666666666667,-1.07672491612354e-16,0.240250255208988
1823,458,"5f72d2b7b70fa021b221ebbb","62.133.129.55","student","female","19","poland",5,3,5,7,3,5,6,4,5,5,6,4,4,3,3,7,7,7,7,7,7,7,7,7,7,7,7,7,7,7,7,7,7,7,7,7,7,1,7,7,7,27,19,22,28,22,28,21,28,21,28,176,24,15,6,15,"65%",60,0.807541042120076,0.72176096569233,0.74375,0.472727272727273,-0.403770521060038
1824,455,"5bf300a7ac0f0d000180a247","81.202.72.149","Bachelor","Female","28","Spain",6,5,5,2,3,4,4,4,6,3,5,5,2,4,6,5,1,2,1,3,1,3,1,1,1,1,4,1,1,1,1,1,1,1,3,2,1,2,1,1,1,17,21,26,8,5,5,3,9,5,7,42,22,4,8,26,"80%",60,1.65759300447623,1.46075751013819,0.877622377622378,-0.746724890829694,0.228617726248268
1827,447,"5ccb24e004fe260015bc10aa","46.189.239.13","High School","Male","19","Portugal",3,6,3,3,5,2,3,6,2,2,6,2,2,6,3,2,1,1,1,1,1,1,1,1,1,1,1,1,1,1,1,1,1,1,6,1,1,2,1,1,1,13,29,12,5,5,4,3,4,8,4,33,22,0,8,30,"87%",60,2.74137689696186,8.26688202068412,0.933333333333333,-1,0.770509672491086
1828,450,"5f4e7cf5529da30615783c98","146.255.180.141","High School Diploma","Male","19","Estonia",6,5,7,6,5,7,7,5,7,7,5,4,5,5,6,6,2,1,4,5,4,5,1,2,1,2,3,1,1,4,2,1,1,1,6,4,2,3,1,1,4,31,25,31,13,9,4,7,10,11,14,68,19,5,11,25,"73%",60,1.25453590683227,1.45327895567446,0.82421052631579,-0.0445103857566766,0.297976606438015
1829,448,"5e6356bfa8c7650de1ed1bfd","178.235.191.251"," completed secondary education","Male","19","Poland",2,1,6,7,5,2,4,6,5,6,7,3,7,7,3,6,1,1,1,1,1,1,6,1,1,1,1,1,1,7,1,1,1,1,7,4,6,1,1,1,1,26,26,19,25,4,4,3,4,9,7,56,26,6,4,24,"83%",60,1.86495527060646,0.792152656251775,0.900641025641026,0.070631970260223,-0.124936593183152
1830,471,"5b3158ba532e3d00018e324a","77.38.43.235","high school diploma","female","20","Slovenia",6,4,5,5,4,3,2,3,6,5,3,6,4,3,5,4,2,4,1,3,3,3,2,2,4,2,3,2,4,2,2,4,1,4,4,4,2,6,4,4,5,22,17,25,10,12,16,4,14,9,16,81,30,1,0,29,"98%",60,3.80189573152606,0.40115539029092,0.991666666666667,-0.163636363636364,-0.240250255208988
1831,451,"5f18b7183c20400de4a94f41","178.159.166.22","Student","Male","21","Poland",5,4,6,7,5,6,3,4,6,4,4,7,7,4,7,7,1,3,1,4,4,4,7,1,4,1,6,4,1,4,4,4,1,4,7,4,7,4,4,6,1,26,21,32,25,10,15,3,20,15,10,98,30,0,0,30,"100%",60,4.28239624194404,1,1,1,0
1832,453,"5f2352b4912f8710d7e186c8","95.244.182.205","High School Diploma","male","19","italy",4,3,4,5,3,4,3,1,2,3,4,1,5,5,6,1,1,1,1,1,1,1,1,1,1,1,1,1,1,1,1,1,1,1,4,1,1,1,1,1,1,20,16,17,4,4,4,3,4,6,4,29,28,1,2,29,"95%",60,3.06144267168462,1.48871735508027,0.973830049261084,-0.0566037735849056,0.129976274711733
1833,465,"5e9dd2c43feed412b1c96bf5","85.212.100.33","undergraduate","male","35","germany",6,1,5,6,5,5,6,1,6,6,3,6,6,4,6,2,1,1,1,2,1,1,1,1,2,1,2,1,1,1,1,1,1,2,6,2,2,2,2,3,4,30,14,28,6,5,6,3,9,8,8,45,29,16,1,14,"72%",60,1.57975032007275,0.252667206635127,0.844211822660099,-0.0557377049180328,-0.870822450517669
1834,459,"5db994db45d538000dd644e5","171.33.234.172","College","Male","31","Spain",5,4,2,5,3,1,5,2,3,6,4,2,5,4,4,2,1,1,1,1,1,1,1,1,1,1,1,1,1,1,1,1,1,1,4,1,1,2,1,1,1,26,17,12,5,5,4,3,4,6,4,31,29,1,1,29,"97%",60,3.32139522110808,1,0.982758620689655,1,0
1836,457,"5f3bbb84b7b6dd8fe9ae99e1","94.3.181.195","university ","female","20","united kingdom",6,5,6,6,4,6,2,3,6,3,3,6,3,3,6,6,7,6,2,6,4,5,6,7,7,7,7,5,5,5,6,7,2,7,7,7,5,6,4,7,7,20,18,30,22,26,24,11,27,16,24,150,27,1,3,29,"93%",60,2.87192974147539,1.90678130394299,0.964878671775224,0,0.224732739816348
1837,461,"5c8fcb13dd3b360015b4dff6","109.49.223.249","Master's Degree","Male","28","Portugal",4,3,5,6,5,5,6,5,7,3,3,5,5,4,5,4,1,3,2,4,4,3,4,4,6,4,4,5,3,4,2,4,5,5,7,5,5,4,6,4,4,24,20,27,17,11,19,11,17,16,15,106,29,10,1,20,"82%",60,2.07668483074372,0.274601151257114,0.901293103448276,-1,-0.622355195182183
1838,463,"5edad9bc3e927a18f722474d","81.155.126.40","Batchelor Degree","Male","38","United Kingdom",5,6,5,5,5,7,3,2,7,6,2,5,4,3,7,4,4,2,1,4,1,1,4,4,4,2,4,1,3,1,3,1,1,4,4,4,4,2,4,4,5,23,18,31,13,13,11,4,16,6,13,76,30,11,0,19,"82%",60,2.47048946795014,0.106655816106773,0.908333333333333,-0.162790697674419,-0.905953386996948
1839,466,"5c3e040cdc2cf90001928019","188.37.187.84","Master","Female","28","Portugal",5,3,5,5,4,3,3,3,4,3,3,4,3,4,6,3,1,1,1,1,1,2,1,1,1,1,1,1,1,2,1,1,1,1,2,2,1,2,1,1,1,19,17,22,7,5,4,3,4,4,6,33,7,8,23,22,"48%",60,-0.0999114366177213,0.937108815839929,0.457880434782609,-6.60847038467355e-17,0.650134494298706
1840,462,"5f1f0b40beebbe0a18d95fb0","89.168.83.155","Bachelor's Degree","Female","27","United Kingdom",5,2,4,3,3,3,3,2,4,3,5,7,5,2,7,6,2,4,3,3,4,3,5,4,4,4,4,3,2,6,2,4,4,4,6,4,6,5,4,4,5,19,14,25,23,13,16,11,15,13,14,105,24,5,6,25,"82%",60,1.73278560197423,1.10735853419324,0.887916666666667,1,0.0588517588670376
1841,464,"5e2db901cad44b3a682d0016","79.184.237.166","Secondary","Male","21","Poland",6,2,5,6,2,5,7,4,6,6,2,6,5,3,7,5,1,1,1,3,1,1,6,1,1,1,1,1,1,6,1,2,1,1,7,4,6,7,1,1,1,30,13,29,23,10,5,3,6,9,7,63,23,14,7,16,"65%",60,0.781037503088863,0.785223474378764,0.738451086956522,-0.213592233009709,-0.309571461063135
1842,467,"5e58fa19fc38d6104f798878","176.221.120.165","A-Level","Male","25","Poland",6,5,6,6,7,2,4,5,6,5,2,5,3,4,5,6,1,1,1,1,1,1,6,1,1,1,1,1,1,6,1,1,1,1,6,1,6,2,1,2,1,24,23,24,24,5,4,3,5,8,4,53,19,0,11,30,"82%",60,2.47048946795014,9.37595375951092,0.908333333333333,-0.157068062827225,0.905953386996948
1843,469,"5f1095bdfeea710b1eed387f","109.241.50.66","high school","Male","19","Poland",5,4,5,1,5,4,3,6,5,5,5,6,4,1,6,2,2,1,1,3,1,4,4,3,1,1,3,1,1,3,1,1,2,2,5,3,3,5,2,3,5,18,21,26,12,11,5,4,11,7,13,63,20,16,10,14,"57%",60,0.335039929708379,0.920124353005898,0.621428571428571,-0.08,-0.248467255335485
1844,468,"5cacccbbe586a000174e0f69","151.24.143.197","Student in a bachelor course (Laurea Triennale)","Female","22","Italy",6,6,1,6,1,6,3,1,3,5,1,6,3,1,7,1,1,1,1,1,1,1,1,1,1,1,1,1,1,1,1,1,1,1,6,1,1,1,1,1,1,23,10,23,4,4,4,3,4,8,4,31,24,7,6,23,"78%",60,1.50763125472764,0.922195430279584,0.861865942028986,1,-0.0537254147562548
1845,474,"5f66556266875b21fdfc1f6c","81.202.111.79","High School","Male","19","Spain",6,2,7,6,5,7,5,5,7,7,2,6,5,5,7,6,1,4,2,1,4,5,6,1,5,4,4,4,5,7,1,2,1,4,6,5,6,5,4,6,5,29,19,34,25,8,15,7,15,14,20,104,28,0,2,30,"97%",60,3.54194318210259,3.71107404041273,0.983333333333333,-1.11517937741366e-16,0.370226529920721
1846,470,"5c49e0b1d1150d0001e11987","148.69.217.130","Bachelor's degree","Feminine","38","Portugal",4,3,5,5,4,4,5,4,5,5,3,5,5,3,5,4,4,4,4,5,3,5,4,4,4,4,4,3,5,6,4,4,4,4,5,5,4,5,4,4,5,24,17,24,18,17,16,12,17,11,20,111,20,20,10,10,"50%",60,0,1,0.5,-1,-0.415987220189675
1847,473,"5eeb40268b898027a055bfa3","89.186.23.20","student","female","19","Poland",2,2,3,2,5,3,5,5,2,3,3,3,3,2,3,5,1,1,1,2,1,2,1,1,1,1,2,1,1,2,1,1,1,1,5,1,1,1,1,1,1,15,17,14,9,4,4,3,6,7,5,38,30,2,0,28,"97%",60,3.5419431821026,0.269463769547639,0.983333333333333,-1,-0.370226529920721
1850,475,"5f19373573579d191366b334","37.190.146.68","After high school","Female","19","Poland",4,6,2,5,6,2,6,5,5,3,1,2,5,1,3,2,3,2,1,3,1,2,1,2,1,1,3,2,1,2,2,1,1,3,4,3,2,1,2,2,2,23,19,14,7,8,6,3,11,7,8,50,24,10,6,20,"73%",60,1.22352826230975,0.786990907755826,0.820833333333333,-1,-0.195776910965201
1851,476,"5ec50215293dfe41a309745d","90.212.143.242","doctorate","female","31","united kingdom",5,2,2,3,2,5,5,4,4,3,3,5,2,4,5,2,1,1,1,1,1,1,1,1,2,1,1,1,1,2,1,1,1,1,4,4,1,2,1,1,1,18,15,21,6,5,5,3,4,6,7,36,21,9,9,21,"70%",60,1.01186730833162,1,0.785714285714286,-0.623376623376623,-5.55111512312578e-17
1856,479,"5c0436da4e1b7b00016ab8b4","82.33.155.79","Undergraduate degree (BA/BSc/other)","Male","40","UK",7,4,1,7,4,1,3,4,4,7,2,5,5,4,5,4,4,4,1,4,4,4,2,4,2,1,4,4,1,1,4,4,1,4,7,1,1,4,4,4,4,29,18,16,8,16,14,3,16,15,10,82,29,0,1,30,"98%",60,3.80189573152606,2.49279960883685,0.991666666666667,1,0.240250255208988
1857,478,"5ebd2043e8317e18c3033e5c","86.186.194.76","Degree","female","37","uk",3,3,5,5,3,5,3,3,5,5,5,6,5,2,6,1,1,1,1,1,1,1,1,1,2,2,1,1,1,1,1,1,1,1,6,1,1,1,2,1,1,21,16,27,4,4,6,4,4,8,4,34,27,5,3,25,"87%",60,2.1364766907755,0.736752775818459,0.923703703703704,-0.330578512396694,-0.142993785533597
1859,480,"5f23525ad6bca511d420f843","2.82.71.66","High School","Male","22","Portugal",5,4,5,6,5,4,5,5,4,4,6,6,6,2,7,6,5,4,2,2,3,4,4,4,4,3,5,5,5,6,5,6,5,5,7,6,5,5,5,6,6,26,22,26,21,19,19,10,18,15,21,123,23,13,7,17,"67%",60,0.862519585248852,0.793048021569875,0.755754475703325,7.09659603808694e-17,-0.268830419983141
1860,481,"5ca335e948f78e0018fdb131","62.141.248.212","Master's degree (in progress)","Male","23","Poland",6,2,1,4,2,2,4,2,4,3,5,5,3,5,6,1,1,1,1,2,1,1,1,1,1,1,1,1,1,1,1,1,1,1,5,1,1,5,1,1,1,20,16,18,4,8,4,3,5,7,4,35,23,9,7,21,"73%",60,1.20602386677338,0.889515166273813,0.818840579710145,-1,-0.0970782792208775
1861,482,"5c5895f5af5bed0001f9ee92","185.41.128.65","high school","Male","25","Poland",6,4,4,2,5,3,3,5,4,5,5,5,4,4,5,4,1,1,1,4,1,4,4,4,1,1,1,1,1,1,1,1,1,1,6,1,4,1,1,1,1,20,23,21,13,7,4,3,7,8,7,49,28,0,2,30,"97%",60,3.54194318210259,3.71107404041273,0.983333333333333,NA,0.370226529920721
1862,483,"5e3dcf40216cf701bfc51f76","95.94.34.137","University","M","21","Portugal",6,4,4,6,6,5,5,4,4,4,4,5,4,4,5,4,1,1,1,3,1,3,3,3,1,1,3,1,2,1,1,1,1,1,1,1,1,7,1,1,3,25,22,23,9,12,4,3,8,3,9,48,28,2,2,28,"93%",60,2.80149012226115,1,0.964285714285714,NA,1.11022302462516e-16
1863,484,"5f6cc211062b6e0c529ffcbe","188.127.131.53","University on hold","Male","25","Hungary",7,6,2,3,5,3,3,5,3,3,5,2,6,2,2,4,1,1,1,1,1,1,1,1,1,1,2,1,1,4,1,1,1,4,5,1,1,5,1,1,3,22,23,12,10,8,4,3,8,7,6,46,30,2,0,28,"97%",60,3.5419431821026,0.269463769547639,0.983333333333333,NA,-0.370226529920721
1865,485,"5ecfe3097dd7c00728eb96ea","46.237.172.9","Bachelor's degree","Female","26","UK",3,2,2,4,2,4,5,2,5,5,5,5,2,1,7,1,1,1,1,1,1,1,1,1,1,1,1,1,1,1,1,1,1,1,5,1,1,1,1,1,1,19,12,23,4,4,4,3,4,7,4,30,30,5,0,25,"92%",60,3.06644268082617,0.155000653048258,0.958333333333333,NA,-0.607976780558933
1866,488,"5f4824bb4810bc2cacf12b02","91.104.181.118","Master of Arts","Male","30","Hungary",5,2,1,5,1,1,6,1,1,5,3,1,3,1,1,1,1,1,1,1,1,1,1,2,1,1,1,1,1,3,2,1,1,1,7,4,1,4,1,1,1,24,8,5,6,9,4,3,4,9,7,42,30,4,0,26,"93%",60,3.1986123494584,0.176699934326305,0.966666666666667,NA,-0.541891946242819
1867,487,"5e62e72bfd0e5b08ba5deea7","195.23.49.178","Master's degree","male","29","portugal",2,3,3,2,3,3,2,2,3,2,2,6,4,4,6,2,1,1,1,1,1,1,1,1,1,1,1,1,1,3,1,1,1,1,1,1,1,2,1,1,2,12,14,21,7,5,4,3,4,3,5,31,29,5,1,25,"90%",60,2.58594217040819,0.386385567288154,0.946896551724138,NA,-0.367726525349945
1868,486,"5cf9316cd80e0b0019f490e7","85.72.106.100","High school","Female","22","Greece",3,2,2,5,2,3,3,2,2,5,2,5,5,2,4,2,1,1,1,2,1,1,1,1,1,1,1,1,1,2,1,1,1,2,5,1,1,1,1,1,2,21,10,16,6,4,4,3,6,7,5,35,22,0,8,30,"87%",60,2.74137689696186,8.26688202068412,0.933333333333333,NA,0.770509672491086
1869,489,"5f4ed4b3c118f211bb7f7ea8","81.109.72.121","Graduate (Bachelor of Arts) ","Male","24","Wales",5,4,4,5,4,5,5,4,5,5,3,5,5,3,4,4,1,1,1,4,2,1,1,2,3,1,4,4,1,4,1,1,1,4,6,2,4,4,2,2,2,25,18,23,13,8,7,3,14,12,6,63,27,7,3,23,"83%",60,1.91132234352891,0.613559224159118,0.902576489533011,NA,-0.255570959156889
1870,490,"5f1dbc179c44727171f2935f","82.9.254.129","BA Degree","Female","26","England",6,5,7,3,4,5,5,3,7,5,2,6,5,2,6,5,1,5,1,5,1,4,1,1,1,1,4,1,3,1,3,2,2,5,5,4,1,5,2,1,5,24,16,31,8,10,10,4,15,7,16,70,22,8,8,22,"73%",60,1.20035755197969,1,0.818181818181818,NA,0
1872,491,"5eade27cf32e3b485d2687cf","176.190.179.146","Bachelor degree","Female","19","France",1,7,4,1,7,4,1,4,5,1,1,6,1,1,6,4,1,5,1,7,1,3,1,1,6,1,7,1,3,1,1,5,1,4,4,5,1,1,7,4,5,5,20,25,7,4,23,3,22,6,16,81,30,1,0,29,"98%",60,3.80189573152606,0.40115539029092,0.991666666666667,NA,-0.240250255208988
