prolific_id,reason
5d6ff29b6fa93a001d61fc06,homogeneous response
6036c7616b5856d57b512084,homogeneous response
60a555d17361d668c2f21f51,null response
60425419c022710bb262c71f,null response
5ca650f9a8ec860001467dbf,null response
60075599eaebcf236f269d8f,null response
60b1fe299ecd4b8db33b5a5e,null response
6092755b003a4ac58eb32418,null response
60a8818456a7f461db92d4ad,null response
60ab779935cc0e7dcce93ddd,null response
60ab779935cc0e7dcce93ddd,low accuracy
60a8818456a7f461db92d4ad,low accuracy
5dc8722e6bba9b5c9d515275,low accuracy
5f3e447e6dfaa7019e64ca3e,low accuracy
5ca650f9a8ec860001467dbf,low accuracy
5da5fdef9a9dc5001484350b,low accuracy
60075599eaebcf236f269d8f,low accuracy
60a24e3ef1371606359e5b1b,low accuracy
5fae21a54a4443270635904c,low accuracy
60425419c022710bb262c71f,low accuracy
60a68725b2b424dc0d7ce793,low accuracy
5c637726938ac700011f45cf,low accuracy
5e95cea7999fba025b61b2a6,low accuracy
5f3d95c672685318fa46d2a0,low accuracy
60257258e73d400e33cc9f60,low accuracy
5f731419443b8a0339b9c5cb,low accuracy
6086a9513af6ba9e37e1efc2,low accuracy
5d1cbebd56f8cf0015425d2a,low accuracy
60b01054de6a690e62c993ed,low accuracy
5b758989cf48c000013d5d66,low accuracy
5f7601d14e4cec02189a3b0e,low accuracy
5ff9d042d1a7a0309bfa0a26,low accuracy
6036c7616b5856d57b512084,low accuracy
6087f0382ff504e6760ca66f,low accuracy
60a555d17361d668c2f21f51,low accuracy
5ffce0556abf511c3865d384,low accuracy
6036f4c8da874bf367c01280,low accuracy
6086d06f2bbb882b7503f99f,low accuracy
5d0787932267b900197ef10b,no detection data
6076c5114594c09768005d54,no detection data
5f3fd98580f4de088ecfda45,no detection data
5fd8d38e72152909d1655f16,no detection data
5c9ab8760018850014f55bd1,no detection data
575f0343f7fb5f0006d334f4,no detection data
602f9dc85e466ac98f61e50d,no detection data
6078f3e6d0a4c5a19a8609d6,no detection data
5efc9df19aca1b058028bd9d,no detection data
60aad84f2e759a59eb4d0039,no detection data
60acb27d9223b045a5175907,no detection data
603fa5b65cbd40080d3b6a5d,no detection data
5ee7cb5c7066600a2d33abf7,no detection data
60984a1b0cce76d16c4ca781,no detection data
