prolific_id,reason
5e889c2d3aa428000bbf212e,ans_homo
602fd3dfaece2bd458c1b7cf,null_response
602537bf6292a7016a3b8ca0,null_response
5d78b90e37d53e001a06e5d8,null_response
604787f73109262a0e388a15,null_response
5e095b09b6385323681f4097,null_response
5f6a7f502e98bc152bd3b037,accuracy
5aacbb016be3fa00013a3251,accuracy
5e015e48946e97d428a04739,accuracy
601eb56665282d352860e41b,accuracy
60145246eadebd19d5d544a3,accuracy
5f848bc5c4a378107eedffca,accuracy
60295da4f4090f3180785c4b,accuracy
602b2d3fb9bd922649dcb9c5,accuracy
5f68924358c48c0638b1eee1,accuracy
6017eee639ce08aa5861fd56,accuracy
6019870c02683a0b378648c6,accuracy
6027192deaecac157dfebd4a,accuracy
602bfb0e85fd0040cd972c41,accuracy
