"button_pressed","trial_type","trial_index"
"0","html-button-response","5"
"1","html-button-response","7"
"0","html-button-response","9"
"1","html-button-response","11"
"0","html-button-response","13"
"1","html-button-response","15"
"1","html-button-response","17"
"0","html-button-response","19"
"0","html-button-response","21"
"0","html-button-response","23"
"1","html-button-response","25"
"0","html-button-response","27"
"0","html-button-response","29"
"0","html-button-response","31"
"1","html-button-response","33"
"0","html-button-response","35"
"0","html-button-response","37"
"0","html-button-response","39"
"0","html-button-response","41"
"0","html-button-response","43"
"1","html-button-response","45"
"1","html-button-response","47"
"0","html-button-response","49"
"1","html-button-response","51"
"0","html-button-response","53"
"1","html-button-response","55"
"0","html-button-response","57"
"1","html-button-response","59"
"0","html-button-response","61"
"0","html-button-response","63"
"1","html-button-response","65"
"0","html-button-response","67"
"0","html-button-response","69"
"0","html-button-response","71"
"0","html-button-response","73"
"0","html-button-response","75"
"0","html-button-response","77"
"0","html-button-response","79"
"0","html-button-response","81"
"1","html-button-response","83"
"1","html-button-response","85"
"0","html-button-response","87"
"0","html-button-response","89"
"0","html-button-response","91"
"1","html-button-response","93"
"1","html-button-response","95"
"1","html-button-response","97"
"1","html-button-response","99"
"0","html-button-response","101"
"0","html-button-response","103"
"1","html-button-response","105"
"1","html-button-response","107"
"1","html-button-response","109"
"0","html-button-response","111"
"0","html-button-response","113"
"0","html-button-response","115"
"0","html-button-response","117"
"1","html-button-response","119"
"0","html-button-response","121"
"1","html-button-response","123"
"0","html-button-response","125"
"0","html-button-response","127"
"1","html-button-response","129"
"0","html-button-response","131"
"1","html-button-response","133"
"1","html-button-response","135"
"1","html-button-response","137"
"0","html-button-response","139"
"1","html-button-response","141"
"0","html-button-response","143"
"0","html-button-response","145"
"1","html-button-response","147"
"0","html-button-response","149"
"1","html-button-response","151"
"1","html-button-response","153"
"0","html-button-response","155"
"0","html-button-response","157"
"0","html-button-response","159"
"0","html-button-response","161"
"0","html-button-response","163"
"1","html-button-response","165"
"0","html-button-response","167"
"1","html-button-response","169"
"1","html-button-response","171"
"1","html-button-response","173"
"1","html-button-response","175"
"0","html-button-response","177"
"0","html-button-response","179"
"1","html-button-response","181"
"0","html-button-response","183"
"1","html-button-response","185"
"0","html-button-response","187"
"0","html-button-response","189"
"1","html-button-response","191"
"1","html-button-response","193"
"0","html-button-response","195"
"0","html-button-response","197"
"1","html-button-response","199"
"null","html-button-response","201"
"1","html-button-response","203"
"0","html-button-response","205"
"1","html-button-response","207"
"0","html-button-response","209"
"1","html-button-response","211"
"1","html-button-response","213"
"1","html-button-response","215"
"1","html-button-response","217"
"0","html-button-response","219"
"0","html-button-response","221"
"1","html-button-response","223"
"0","html-button-response","225"
"1","html-button-response","227"
"1","html-button-response","229"
"1","html-button-response","231"
"0","html-button-response","233"
"1","html-button-response","235"
"0","html-button-response","237"
"1","html-button-response","239"
"1","html-button-response","241"
"0","html-button-response","243"
"0","html-button-response","245"
"1","html-button-response","247"
"0","html-button-response","249"
"0","html-button-response","251"
"1","html-button-response","253"
"1","html-button-response","255"
"0","html-button-response","257"
"1","html-button-response","259"
"1","html-button-response","261"
"0","html-button-response","263"
"1","html-button-response","265"
"0","html-button-response","267"
"0","html-button-response","269"
"0","html-button-response","271"
"0","html-button-response","273"
"0","html-button-response","275"
"1","html-button-response","277"
"1","html-button-response","279"
"1","html-button-response","281"
"0","html-button-response","283"
"1","html-button-response","285"
"1","html-button-response","287"
"1","html-button-response","289"
"1","html-button-response","291"
"0","html-button-response","293"
"0","html-button-response","295"
"1","html-button-response","297"
"1","html-button-response","299"
"1","html-button-response","301"
"1","html-button-response","303"
"0","html-button-response","305"
"1","html-button-response","307"
"0","html-button-response","309"
"1","html-button-response","311"
"1","html-button-response","313"
"0","html-button-response","315"
"1","html-button-response","317"
"0","html-button-response","319"
"1","html-button-response","321"
"0","html-button-response","323"
"1","html-button-response","325"
"1","html-button-response","327"
"1","html-button-response","329"
"0","html-button-response","331"
"0","html-button-response","333"
"0","html-button-response","335"
"0","html-button-response","337"
"1","html-button-response","339"
"0","html-button-response","341"
"0","html-button-response","343"
"0","html-button-response","345"
"1","html-button-response","347"
"1","html-button-response","349"
"1","html-button-response","351"
"1","html-button-response","353"
"1","html-button-response","355"
"0","html-button-response","357"
"1","html-button-response","359"
"1","html-button-response","361"
"1","html-button-response","363"
